--
-- PostgreSQL database dump
--

\restrict vGXqlPPDh2ks6734vug3fVJdMYbENueXffLtaVoXflFfxRtfenVl8QhTi3Cfbuz

-- Dumped from database version 18.0
-- Dumped by pg_dump version 18.0

-- Started on 2026-03-09 14:21:45

SET statement_timeout = 0;
SET lock_timeout = 0;
SET idle_in_transaction_session_timeout = 0;
SET transaction_timeout = 0;
SET client_encoding = 'UTF8';
SET standard_conforming_strings = on;
SELECT pg_catalog.set_config('search_path', '', false);
SET check_function_bodies = false;
SET xmloption = content;
SET client_min_messages = warning;
SET row_security = off;

SET default_tablespace = '';

SET default_table_access_method = heap;

--
-- TOC entry 220 (class 1259 OID 22795)
-- Name: aparelhos; Type: TABLE; Schema: public; Owner: postgres
--

CREATE TABLE public.aparelhos (
    id bigint NOT NULL,
    ativo boolean NOT NULL,
    numero_serie character varying(255) NOT NULL,
    observacoes character varying(255) NOT NULL,
    cliente_id bigint NOT NULL,
    modelo_id bigint NOT NULL
);


ALTER TABLE public.aparelhos OWNER TO postgres;

--
-- TOC entry 219 (class 1259 OID 22794)
-- Name: aparelhos_id_seq; Type: SEQUENCE; Schema: public; Owner: postgres
--

ALTER TABLE public.aparelhos ALTER COLUMN id ADD GENERATED BY DEFAULT AS IDENTITY (
    SEQUENCE NAME public.aparelhos_id_seq
    START WITH 1
    INCREMENT BY 1
    NO MINVALUE
    NO MAXVALUE
    CACHE 1
);


--
-- TOC entry 222 (class 1259 OID 22809)
-- Name: categoria_pecas; Type: TABLE; Schema: public; Owner: postgres
--

CREATE TABLE public.categoria_pecas (
    id bigint NOT NULL,
    ativo boolean,
    tipo character varying(255)
);


ALTER TABLE public.categoria_pecas OWNER TO postgres;

--
-- TOC entry 221 (class 1259 OID 22808)
-- Name: categoria_pecas_id_seq; Type: SEQUENCE; Schema: public; Owner: postgres
--

ALTER TABLE public.categoria_pecas ALTER COLUMN id ADD GENERATED BY DEFAULT AS IDENTITY (
    SEQUENCE NAME public.categoria_pecas_id_seq
    START WITH 1
    INCREMENT BY 1
    NO MINVALUE
    NO MAXVALUE
    CACHE 1
);


--
-- TOC entry 224 (class 1259 OID 22816)
-- Name: categorias; Type: TABLE; Schema: public; Owner: postgres
--

CREATE TABLE public.categorias (
    id bigint NOT NULL,
    ativo boolean,
    tipo character varying(255)
);


ALTER TABLE public.categorias OWNER TO postgres;

--
-- TOC entry 223 (class 1259 OID 22815)
-- Name: categorias_id_seq; Type: SEQUENCE; Schema: public; Owner: postgres
--

ALTER TABLE public.categorias ALTER COLUMN id ADD GENERATED BY DEFAULT AS IDENTITY (
    SEQUENCE NAME public.categorias_id_seq
    START WITH 1
    INCREMENT BY 1
    NO MINVALUE
    NO MAXVALUE
    CACHE 1
);


--
-- TOC entry 226 (class 1259 OID 22823)
-- Name: clientes; Type: TABLE; Schema: public; Owner: postgres
--

CREATE TABLE public.clientes (
    id bigint NOT NULL,
    ativo boolean,
    bairro character varying(255),
    cep character varying(9),
    cidade character varying(255),
    cpf character varying(14) NOT NULL,
    email character varying(100) NOT NULL,
    estado character varying(2),
    logradouro character varying(255),
    nome character varying(150) NOT NULL,
    numero character varying(255),
    telefone character varying(20)
);


ALTER TABLE public.clientes OWNER TO postgres;

--
-- TOC entry 225 (class 1259 OID 22822)
-- Name: clientes_id_seq; Type: SEQUENCE; Schema: public; Owner: postgres
--

ALTER TABLE public.clientes ALTER COLUMN id ADD GENERATED BY DEFAULT AS IDENTITY (
    SEQUENCE NAME public.clientes_id_seq
    START WITH 1
    INCREMENT BY 1
    NO MINVALUE
    NO MAXVALUE
    CACHE 1
);


--
-- TOC entry 228 (class 1259 OID 22835)
-- Name: contas_a_pagar; Type: TABLE; Schema: public; Owner: postgres
--

CREATE TABLE public.contas_a_pagar (
    id bigint NOT NULL,
    condicao_pagamento character varying(255),
    data_pagamento date,
    data_vencimento date,
    descricao character varying(255),
    forma_pagamento character varying(255),
    numero_parcelas integer,
    origem character varying(255),
    origem_id bigint,
    status character varying(255),
    valor numeric(38,2),
    valor_pago numeric(38,2),
    fornecedor_id bigint,
    CONSTRAINT contas_a_pagar_condicao_pagamento_check CHECK (((condicao_pagamento)::text = ANY ((ARRAY['AVISTA'::character varying, 'PARCELADO'::character varying])::text[]))),
    CONSTRAINT contas_a_pagar_forma_pagamento_check CHECK (((forma_pagamento)::text = ANY ((ARRAY['DINHEIRO'::character varying, 'CARTAO_CREDITO'::character varying, 'CARTAO_DEBITO'::character varying, 'PIX'::character varying, 'BOLETO'::character varying])::text[]))),
    CONSTRAINT contas_a_pagar_status_check CHECK (((status)::text = ANY ((ARRAY['PENDENTE'::character varying, 'PARCIAL'::character varying, 'PAGO'::character varying, 'CANCELADA'::character varying])::text[])))
);


ALTER TABLE public.contas_a_pagar OWNER TO postgres;

--
-- TOC entry 227 (class 1259 OID 22834)
-- Name: contas_a_pagar_id_seq; Type: SEQUENCE; Schema: public; Owner: postgres
--

ALTER TABLE public.contas_a_pagar ALTER COLUMN id ADD GENERATED BY DEFAULT AS IDENTITY (
    SEQUENCE NAME public.contas_a_pagar_id_seq
    START WITH 1
    INCREMENT BY 1
    NO MINVALUE
    NO MAXVALUE
    CACHE 1
);


--
-- TOC entry 230 (class 1259 OID 22847)
-- Name: contas_a_receber; Type: TABLE; Schema: public; Owner: postgres
--

CREATE TABLE public.contas_a_receber (
    id bigint NOT NULL,
    condicao_pagamento character varying(255),
    data_pagamento date,
    data_vencimento date,
    forma_pagamento character varying(255),
    numero_parcelas integer,
    origem character varying(255),
    origem_id bigint,
    status character varying(255),
    valor numeric(38,2),
    valor_recebido numeric(38,2),
    cliente_id bigint,
    CONSTRAINT contas_a_receber_condicao_pagamento_check CHECK (((condicao_pagamento)::text = ANY ((ARRAY['AVISTA'::character varying, 'PARCELADO'::character varying])::text[]))),
    CONSTRAINT contas_a_receber_forma_pagamento_check CHECK (((forma_pagamento)::text = ANY ((ARRAY['DINHEIRO'::character varying, 'CARTAO_CREDITO'::character varying, 'CARTAO_DEBITO'::character varying, 'PIX'::character varying, 'BOLETO'::character varying])::text[]))),
    CONSTRAINT contas_a_receber_status_check CHECK (((status)::text = ANY ((ARRAY['PENDENTE'::character varying, 'PARCIAL'::character varying, 'PAGO'::character varying, 'CANCELADA'::character varying])::text[])))
);


ALTER TABLE public.contas_a_receber OWNER TO postgres;

--
-- TOC entry 229 (class 1259 OID 22846)
-- Name: contas_a_receber_id_seq; Type: SEQUENCE; Schema: public; Owner: postgres
--

ALTER TABLE public.contas_a_receber ALTER COLUMN id ADD GENERATED BY DEFAULT AS IDENTITY (
    SEQUENCE NAME public.contas_a_receber_id_seq
    START WITH 1
    INCREMENT BY 1
    NO MINVALUE
    NO MAXVALUE
    CACHE 1
);


--
-- TOC entry 231 (class 1259 OID 22858)
-- Name: fornecedor_pecas; Type: TABLE; Schema: public; Owner: postgres
--

CREATE TABLE public.fornecedor_pecas (
    fornecedor_id bigint NOT NULL,
    peca_id bigint NOT NULL
);


ALTER TABLE public.fornecedor_pecas OWNER TO postgres;

--
-- TOC entry 232 (class 1259 OID 22865)
-- Name: fornecedor_produtos; Type: TABLE; Schema: public; Owner: postgres
--

CREATE TABLE public.fornecedor_produtos (
    fornecedor_id bigint NOT NULL,
    produto_id bigint NOT NULL
);


ALTER TABLE public.fornecedor_produtos OWNER TO postgres;

--
-- TOC entry 234 (class 1259 OID 22873)
-- Name: fornecedores; Type: TABLE; Schema: public; Owner: postgres
--

CREATE TABLE public.fornecedores (
    id bigint NOT NULL,
    ativo boolean NOT NULL,
    bairro character varying(255),
    cep character varying(9),
    cidade character varying(255),
    cnpj character varying(18) NOT NULL,
    email character varying(255) NOT NULL,
    estado character varying(255),
    logradouro character varying(255),
    nome_fantasia character varying(150) NOT NULL,
    numero character varying(255),
    razao_social character varying(150) NOT NULL,
    telefone character varying(15),
    tipo character varying(255) NOT NULL
);


ALTER TABLE public.fornecedores OWNER TO postgres;

--
-- TOC entry 233 (class 1259 OID 22872)
-- Name: fornecedores_id_seq; Type: SEQUENCE; Schema: public; Owner: postgres
--

ALTER TABLE public.fornecedores ALTER COLUMN id ADD GENERATED BY DEFAULT AS IDENTITY (
    SEQUENCE NAME public.fornecedores_id_seq
    START WITH 1
    INCREMENT BY 1
    NO MINVALUE
    NO MAXVALUE
    CACHE 1
);


--
-- TOC entry 236 (class 1259 OID 22888)
-- Name: funcionarios; Type: TABLE; Schema: public; Owner: postgres
--

CREATE TABLE public.funcionarios (
    id bigint NOT NULL,
    ativo boolean NOT NULL,
    bairro character varying(255),
    cargo character varying(255),
    cep character varying(9),
    cidade character varying(255),
    cpf character varying(14) NOT NULL,
    data_admissao date,
    email character varying(255) NOT NULL,
    estado character varying(255),
    logradouro character varying(255),
    nome character varying(150) NOT NULL,
    numero character varying(255),
    telefone character varying(15),
    CONSTRAINT funcionarios_cargo_check CHECK (((cargo)::text = ANY ((ARRAY['ADMIN'::character varying, 'TECNICO'::character varying, 'VENDEDOR'::character varying, 'GERENTE'::character varying, 'AUXILIAR'::character varying, 'RECEPCIONISTA'::character varying])::text[])))
);


ALTER TABLE public.funcionarios OWNER TO postgres;

--
-- TOC entry 235 (class 1259 OID 22887)
-- Name: funcionarios_id_seq; Type: SEQUENCE; Schema: public; Owner: postgres
--

ALTER TABLE public.funcionarios ALTER COLUMN id ADD GENERATED BY DEFAULT AS IDENTITY (
    SEQUENCE NAME public.funcionarios_id_seq
    START WITH 1
    INCREMENT BY 1
    NO MINVALUE
    NO MAXVALUE
    CACHE 1
);


--
-- TOC entry 238 (class 1259 OID 22902)
-- Name: item_venda; Type: TABLE; Schema: public; Owner: postgres
--

CREATE TABLE public.item_venda (
    id bigint NOT NULL,
    preco_unitario numeric(38,2),
    quantidade integer,
    produto_id bigint,
    venda_id bigint
);


ALTER TABLE public.item_venda OWNER TO postgres;

--
-- TOC entry 237 (class 1259 OID 22901)
-- Name: item_venda_id_seq; Type: SEQUENCE; Schema: public; Owner: postgres
--

ALTER TABLE public.item_venda ALTER COLUMN id ADD GENERATED BY DEFAULT AS IDENTITY (
    SEQUENCE NAME public.item_venda_id_seq
    START WITH 1
    INCREMENT BY 1
    NO MINVALUE
    NO MAXVALUE
    CACHE 1
);


--
-- TOC entry 240 (class 1259 OID 22909)
-- Name: itens_pedido; Type: TABLE; Schema: public; Owner: postgres
--

CREATE TABLE public.itens_pedido (
    id bigint NOT NULL,
    item_id bigint NOT NULL,
    preco_unitario numeric(38,2),
    quantidade integer,
    tipo_item character varying(255) NOT NULL,
    peca_id bigint,
    pedido_id bigint NOT NULL,
    produto_id bigint
);


ALTER TABLE public.itens_pedido OWNER TO postgres;

--
-- TOC entry 239 (class 1259 OID 22908)
-- Name: itens_pedido_id_seq; Type: SEQUENCE; Schema: public; Owner: postgres
--

ALTER TABLE public.itens_pedido ALTER COLUMN id ADD GENERATED BY DEFAULT AS IDENTITY (
    SEQUENCE NAME public.itens_pedido_id_seq
    START WITH 1
    INCREMENT BY 1
    NO MINVALUE
    NO MAXVALUE
    CACHE 1
);


--
-- TOC entry 263 (class 1259 OID 23220)
-- Name: itens_venda; Type: TABLE; Schema: public; Owner: postgres
--

CREATE TABLE public.itens_venda (
    id bigint NOT NULL,
    preco_unitario numeric(38,2),
    quantidade integer,
    subtotal numeric(10,2),
    produto_id bigint,
    venda_id bigint NOT NULL
);


ALTER TABLE public.itens_venda OWNER TO postgres;

--
-- TOC entry 264 (class 1259 OID 23225)
-- Name: itens_venda_id_seq; Type: SEQUENCE; Schema: public; Owner: postgres
--

ALTER TABLE public.itens_venda ALTER COLUMN id ADD GENERATED BY DEFAULT AS IDENTITY (
    SEQUENCE NAME public.itens_venda_id_seq
    START WITH 1
    INCREMENT BY 1
    NO MINVALUE
    NO MAXVALUE
    CACHE 1
);


--
-- TOC entry 242 (class 1259 OID 22919)
-- Name: marcas; Type: TABLE; Schema: public; Owner: postgres
--

CREATE TABLE public.marcas (
    id bigint NOT NULL,
    nome character varying(255) NOT NULL
);


ALTER TABLE public.marcas OWNER TO postgres;

--
-- TOC entry 241 (class 1259 OID 22918)
-- Name: marcas_id_seq; Type: SEQUENCE; Schema: public; Owner: postgres
--

ALTER TABLE public.marcas ALTER COLUMN id ADD GENERATED BY DEFAULT AS IDENTITY (
    SEQUENCE NAME public.marcas_id_seq
    START WITH 1
    INCREMENT BY 1
    NO MINVALUE
    NO MAXVALUE
    CACHE 1
);


--
-- TOC entry 244 (class 1259 OID 22927)
-- Name: modelos; Type: TABLE; Schema: public; Owner: postgres
--

CREATE TABLE public.modelos (
    id bigint NOT NULL,
    ativo boolean NOT NULL,
    nome character varying(255) NOT NULL,
    marca_id bigint NOT NULL
);


ALTER TABLE public.modelos OWNER TO postgres;

--
-- TOC entry 243 (class 1259 OID 22926)
-- Name: modelos_id_seq; Type: SEQUENCE; Schema: public; Owner: postgres
--

ALTER TABLE public.modelos ALTER COLUMN id ADD GENERATED BY DEFAULT AS IDENTITY (
    SEQUENCE NAME public.modelos_id_seq
    START WITH 1
    INCREMENT BY 1
    NO MINVALUE
    NO MAXVALUE
    CACHE 1
);


--
-- TOC entry 246 (class 1259 OID 22937)
-- Name: notificacao; Type: TABLE; Schema: public; Owner: postgres
--

CREATE TABLE public.notificacao (
    id bigint NOT NULL,
    data_criacao timestamp(6) without time zone NOT NULL,
    lida boolean NOT NULL,
    mensagem character varying(255) NOT NULL,
    tipo character varying(255) NOT NULL,
    pedido_id bigint NOT NULL
);


ALTER TABLE public.notificacao OWNER TO postgres;

--
-- TOC entry 245 (class 1259 OID 22936)
-- Name: notificacao_id_seq; Type: SEQUENCE; Schema: public; Owner: postgres
--

ALTER TABLE public.notificacao ALTER COLUMN id ADD GENERATED BY DEFAULT AS IDENTITY (
    SEQUENCE NAME public.notificacao_id_seq
    START WITH 1
    INCREMENT BY 1
    NO MINVALUE
    NO MAXVALUE
    CACHE 1
);


--
-- TOC entry 265 (class 1259 OID 23226)
-- Name: ordem_peca; Type: TABLE; Schema: public; Owner: postgres
--

CREATE TABLE public.ordem_peca (
    ordem_id bigint NOT NULL,
    peca_id bigint NOT NULL
);


ALTER TABLE public.ordem_peca OWNER TO postgres;

--
-- TOC entry 247 (class 1259 OID 22950)
-- Name: ordem_pecas; Type: TABLE; Schema: public; Owner: postgres
--

CREATE TABLE public.ordem_pecas (
    ordem_id bigint NOT NULL,
    peca_id bigint NOT NULL
);


ALTER TABLE public.ordem_pecas OWNER TO postgres;

--
-- TOC entry 266 (class 1259 OID 23231)
-- Name: ordem_servico_pecas; Type: TABLE; Schema: public; Owner: postgres
--

CREATE TABLE public.ordem_servico_pecas (
    ordem_servico_id bigint NOT NULL,
    peca_id bigint NOT NULL
);


ALTER TABLE public.ordem_servico_pecas OWNER TO postgres;

--
-- TOC entry 249 (class 1259 OID 22956)
-- Name: ordens_servico; Type: TABLE; Schema: public; Owner: postgres
--

CREATE TABLE public.ordens_servico (
    id bigint NOT NULL,
    data_entrada timestamp(6) without time zone,
    data_previsao date,
    data_saida timestamp(6) without time zone,
    defeito text NOT NULL,
    estado_conservacao character varying(255),
    motivo_desconto character varying(255),
    porcentagem_desconto integer,
    senha_dispositivo character varying(255),
    status character varying(255) NOT NULL,
    valor_servico numeric(10,2),
    valor_total numeric(10,2),
    aparelho_id bigint NOT NULL,
    cliente_id bigint NOT NULL,
    funcionario_id bigint NOT NULL,
    servico_id bigint NOT NULL,
    CONSTRAINT ordens_servico_status_check CHECK (((status)::text = ANY ((ARRAY['ABERTA'::character varying, 'EM_ANALISE'::character varying, 'AGUARDANDO_APROVACAO'::character varying, 'EM_REPARO'::character varying, 'AGUARDANDO_PECA'::character varying, 'FINALIZADA'::character varying, 'CANCELADA'::character varying])::text[])))
);


ALTER TABLE public.ordens_servico OWNER TO postgres;

--
-- TOC entry 248 (class 1259 OID 22955)
-- Name: ordens_servico_id_seq; Type: SEQUENCE; Schema: public; Owner: postgres
--

ALTER TABLE public.ordens_servico ALTER COLUMN id ADD GENERATED BY DEFAULT AS IDENTITY (
    SEQUENCE NAME public.ordens_servico_id_seq
    START WITH 1
    INCREMENT BY 1
    NO MINVALUE
    NO MAXVALUE
    CACHE 1
);


--
-- TOC entry 251 (class 1259 OID 22972)
-- Name: pecas; Type: TABLE; Schema: public; Owner: postgres
--

CREATE TABLE public.pecas (
    id bigint NOT NULL,
    ativo boolean NOT NULL,
    codigo_barras character varying(50),
    nome character varying(100) NOT NULL,
    preco_compra numeric(10,2),
    preco_venda numeric(10,2),
    estoque_atual integer NOT NULL,
    quantidade_minima integer,
    categoria_pecas_id bigint,
    fornecedor_id bigint
);


ALTER TABLE public.pecas OWNER TO postgres;

--
-- TOC entry 250 (class 1259 OID 22971)
-- Name: pecas_id_seq; Type: SEQUENCE; Schema: public; Owner: postgres
--

ALTER TABLE public.pecas ALTER COLUMN id ADD GENERATED BY DEFAULT AS IDENTITY (
    SEQUENCE NAME public.pecas_id_seq
    START WITH 1
    INCREMENT BY 1
    NO MINVALUE
    NO MAXVALUE
    CACHE 1
);


--
-- TOC entry 253 (class 1259 OID 22982)
-- Name: pedidos; Type: TABLE; Schema: public; Owner: postgres
--

CREATE TABLE public.pedidos (
    id bigint NOT NULL,
    codigo character varying(255) NOT NULL,
    data_pedido date,
    observacoes text,
    status character varying(255),
    tipo_pedido character varying(50),
    valor_total numeric(38,2),
    fornecedor_id bigint NOT NULL,
    funcionario_id bigint,
    CONSTRAINT pedidos_status_check CHECK (((status)::text = ANY ((ARRAY['PENDENTE'::character varying, 'CONFIRMADO'::character varying, 'RECEBIDO'::character varying, 'CANCELADO'::character varying])::text[])))
);


ALTER TABLE public.pedidos OWNER TO postgres;

--
-- TOC entry 267 (class 1259 OID 23236)
-- Name: pedidos_compra; Type: TABLE; Schema: public; Owner: postgres
--

CREATE TABLE public.pedidos_compra (
    id bigint NOT NULL,
    codigo character varying(255) NOT NULL,
    data_pedido date,
    data_previsao_entrega date,
    observacoes text,
    status character varying(255),
    valor_frete numeric(38,2),
    valor_subtotal numeric(38,2),
    valor_total numeric(38,2),
    fornecedor_id bigint NOT NULL,
    usuario_id bigint,
    funcionario_id bigint,
    CONSTRAINT pedidos_compra_status_check CHECK (((status)::text = ANY (ARRAY[('RASCUNHO'::character varying)::text, ('CONFIRMADO'::character varying)::text, ('RECEBIDO'::character varying)::text, ('CANCELADO'::character varying)::text])))
);


ALTER TABLE public.pedidos_compra OWNER TO postgres;

--
-- TOC entry 268 (class 1259 OID 23245)
-- Name: pedidos_compra_id_seq; Type: SEQUENCE; Schema: public; Owner: postgres
--

ALTER TABLE public.pedidos_compra ALTER COLUMN id ADD GENERATED BY DEFAULT AS IDENTITY (
    SEQUENCE NAME public.pedidos_compra_id_seq
    START WITH 1
    INCREMENT BY 1
    NO MINVALUE
    NO MAXVALUE
    CACHE 1
);


--
-- TOC entry 252 (class 1259 OID 22981)
-- Name: pedidos_id_seq; Type: SEQUENCE; Schema: public; Owner: postgres
--

ALTER TABLE public.pedidos ALTER COLUMN id ADD GENERATED BY DEFAULT AS IDENTITY (
    SEQUENCE NAME public.pedidos_id_seq
    START WITH 1
    INCREMENT BY 1
    NO MINVALUE
    NO MAXVALUE
    CACHE 1
);


--
-- TOC entry 255 (class 1259 OID 22994)
-- Name: produtos; Type: TABLE; Schema: public; Owner: postgres
--

CREATE TABLE public.produtos (
    id bigint NOT NULL,
    ativo boolean NOT NULL,
    codigo_barras character varying(255) NOT NULL,
    nome character varying(100) NOT NULL,
    preco_compra numeric(38,2) NOT NULL,
    preco_venda numeric(38,2) NOT NULL,
    quantidade integer NOT NULL,
    quantidade_minima integer,
    categoria_id bigint NOT NULL,
    fornecedor_id bigint
);


ALTER TABLE public.produtos OWNER TO postgres;

--
-- TOC entry 254 (class 1259 OID 22993)
-- Name: produtos_id_seq; Type: SEQUENCE; Schema: public; Owner: postgres
--

ALTER TABLE public.produtos ALTER COLUMN id ADD GENERATED BY DEFAULT AS IDENTITY (
    SEQUENCE NAME public.produtos_id_seq
    START WITH 1
    INCREMENT BY 1
    NO MINVALUE
    NO MAXVALUE
    CACHE 1
);


--
-- TOC entry 256 (class 1259 OID 23007)
-- Name: servico_peca; Type: TABLE; Schema: public; Owner: postgres
--

CREATE TABLE public.servico_peca (
    servico_id bigint NOT NULL,
    peca_id bigint NOT NULL
);


ALTER TABLE public.servico_peca OWNER TO postgres;

--
-- TOC entry 258 (class 1259 OID 23013)
-- Name: servicos; Type: TABLE; Schema: public; Owner: postgres
--

CREATE TABLE public.servicos (
    id bigint NOT NULL,
    ativo boolean NOT NULL,
    nome character varying(255) NOT NULL,
    valor_base numeric(38,2) NOT NULL
);


ALTER TABLE public.servicos OWNER TO postgres;

--
-- TOC entry 257 (class 1259 OID 23012)
-- Name: servicos_id_seq; Type: SEQUENCE; Schema: public; Owner: postgres
--

ALTER TABLE public.servicos ALTER COLUMN id ADD GENERATED BY DEFAULT AS IDENTITY (
    SEQUENCE NAME public.servicos_id_seq
    START WITH 1
    INCREMENT BY 1
    NO MINVALUE
    NO MAXVALUE
    CACHE 1
);


--
-- TOC entry 260 (class 1259 OID 23023)
-- Name: usuarios; Type: TABLE; Schema: public; Owner: postgres
--

CREATE TABLE public.usuarios (
    id bigint NOT NULL,
    ativo boolean NOT NULL,
    cargo character varying(255) NOT NULL,
    cpf character varying(14) NOT NULL,
    data_cadastro timestamp(6) without time zone,
    nome character varying(255) NOT NULL,
    senha character varying(255) NOT NULL,
    CONSTRAINT usuarios_cargo_check CHECK (((cargo)::text = ANY ((ARRAY['ADMIN'::character varying, 'TECNICO'::character varying, 'VENDEDOR'::character varying, 'GERENTE'::character varying, 'AUXILIAR'::character varying, 'RECEPCIONISTA'::character varying])::text[])))
);


ALTER TABLE public.usuarios OWNER TO postgres;

--
-- TOC entry 259 (class 1259 OID 23022)
-- Name: usuarios_id_seq; Type: SEQUENCE; Schema: public; Owner: postgres
--

ALTER TABLE public.usuarios ALTER COLUMN id ADD GENERATED BY DEFAULT AS IDENTITY (
    SEQUENCE NAME public.usuarios_id_seq
    START WITH 1
    INCREMENT BY 1
    NO MINVALUE
    NO MAXVALUE
    CACHE 1
);


--
-- TOC entry 269 (class 1259 OID 23246)
-- Name: venda_produtos; Type: TABLE; Schema: public; Owner: postgres
--

CREATE TABLE public.venda_produtos (
    venda_id bigint NOT NULL,
    produto_id bigint NOT NULL
);


ALTER TABLE public.venda_produtos OWNER TO postgres;

--
-- TOC entry 262 (class 1259 OID 23038)
-- Name: vendas; Type: TABLE; Schema: public; Owner: postgres
--

CREATE TABLE public.vendas (
    id bigint NOT NULL,
    codigo character varying(255) NOT NULL,
    condicao_pagamento character varying(255) NOT NULL,
    data_venda date,
    forma_pagamento character varying(255) NOT NULL,
    motivo_desconto character varying(255),
    numero_parcelas integer,
    porcentagem_desconto numeric(5,2),
    status character varying(255) NOT NULL,
    valor_bruto numeric(10,2),
    valor_total numeric(10,2),
    cliente_id bigint,
    funcionario_id bigint,
    CONSTRAINT vendas_condicao_pagamento_check CHECK (((condicao_pagamento)::text = ANY ((ARRAY['AVISTA'::character varying, 'PARCELADO'::character varying])::text[]))),
    CONSTRAINT vendas_forma_pagamento_check CHECK (((forma_pagamento)::text = ANY ((ARRAY['DINHEIRO'::character varying, 'CARTAO_CREDITO'::character varying, 'CARTAO_DEBITO'::character varying, 'PIX'::character varying, 'BOLETO'::character varying])::text[]))),
    CONSTRAINT vendas_status_check CHECK (((status)::text = ANY ((ARRAY['PENDENTE'::character varying, 'CONCLUIDA'::character varying, 'CANCELADA'::character varying])::text[])))
);


ALTER TABLE public.vendas OWNER TO postgres;

--
-- TOC entry 261 (class 1259 OID 23037)
-- Name: vendas_id_seq; Type: SEQUENCE; Schema: public; Owner: postgres
--

ALTER TABLE public.vendas ALTER COLUMN id ADD GENERATED BY DEFAULT AS IDENTITY (
    SEQUENCE NAME public.vendas_id_seq
    START WITH 1
    INCREMENT BY 1
    NO MINVALUE
    NO MAXVALUE
    CACHE 1
);


--
-- TOC entry 5255 (class 0 OID 22795)
-- Dependencies: 220
-- Data for Name: aparelhos; Type: TABLE DATA; Schema: public; Owner: postgres
--

COPY public.aparelhos (id, ativo, numero_serie, observacoes, cliente_id, modelo_id) FROM stdin;
1	t	SN11111111111111	Carga inicial via sistema	7	1
2	t	SN22222222222222	Aparelho reserva	8	3
3	t	SN33333333333333	Troca de tela pendente	9	2
4	t	SN44444444444444	Garantia de fábrica	10	4
5	t	SN55555555555555	Uso profissional	11	5
6	t	SN66666666666666	Cliente corporativo	12	6
7	t	SN77777777777777	Aparelho seminovo	13	7
8	t	SN88888888888888	Revisão periódica	14	8
9	t	SN99999999999999	Backup de dados ok	15	9
10	t	SN00000000000000	Primeiro acesso realizado	16	10
\.


--
-- TOC entry 5257 (class 0 OID 22809)
-- Dependencies: 222
-- Data for Name: categoria_pecas; Type: TABLE DATA; Schema: public; Owner: postgres
--

COPY public.categoria_pecas (id, ativo, tipo) FROM stdin;
1	t	Telas e Displays
2	t	Baterias
3	t	Conectores de Carga
4	t	Componentes Internos (Câmeras, Flex, etc)
5	t	Acessórios e Películas
6	t	Telas e Displays
7	t	Baterias
8	t	Conectores de Carga
9	t	Câmeras e Sensores
10	t	Carcaças e Tampas Traseiras
11	t	Cabos Flex e Botões
12	t	Alto-falantes e Microfones
13	t	Placas e CIs
\.


--
-- TOC entry 5259 (class 0 OID 22816)
-- Dependencies: 224
-- Data for Name: categorias; Type: TABLE DATA; Schema: public; Owner: postgres
--

COPY public.categorias (id, ativo, tipo) FROM stdin;
1	t	Acessórios
2	t	Carregadores
3	t	Películas
4	t	Capas/Cases
5	t	Periféricos
6	t	Insumos de Limpeza
\.


--
-- TOC entry 5261 (class 0 OID 22823)
-- Dependencies: 226
-- Data for Name: clientes; Type: TABLE DATA; Schema: public; Owner: postgres
--

COPY public.clientes (id, ativo, bairro, cep, cidade, cpf, email, estado, logradouro, nome, numero, telefone) FROM stdin;
7	t	Centro	80010-000	Curitiba	111.111.111-11	ana.silva@email.com	PR	Rua XV de Novembro	Ana Silva	100	(41) 99999-1111
8	t	Jardins	01415-000	São Paulo	222.222.222-22	bruno.santos@email.com	SP	Alameda Lorena	Bruno Santos	50	(11) 99999-2222
9	t	Copacabana	22020-001	Rio de Janeiro	333.333.333-33	carla.oliveira@email.com	RJ	Avenida Atlântica	Carla Oliveira	1200	(21) 99999-3333
10	t	Savassi	30110-000	Belo Horizonte	444.444.444-44	diego.costa@email.com	MG	Rua Pernambuco	Diego Costa	300	(31) 99999-4444
12	t	Asa Sul	70070-000	Brasília	666.666.666-66	fabio.lima@email.com	DF	Setor Comercial Sul	Fabio Lima	Block A	(61) 99999-6666
14	t	Meireles	60165-000	Fortaleza	888.888.888-88	hugo.ferreira@email.com	CE	Avenida Beira Mar	Hugo Ferreira	400	(85) 99999-8888
15	t	Batista Campos	66033-000	Belém	999.999.999-99	irene.mendes@email.com	PA	Praça Batista Campos	Irene Mendes	88	(91) 99999-9999
16	t	Ponta Negra	69037-000	Manaus	000.000.000-00	joao.pereira@email.com	AM	Avenida do Turismo	Joao Pereira	500	(92) 99999-0000
17	f	Uberaba	81560-280	Curitiba	139.471.969-89	vplgugs@gmail.com	PR	Rua Agostinho Ângelo Trevisan	Gustavo Erthal Leão de Siqueira	582	(41) 98797-0732
13	f	Boa Viagem	51020-000	Recife	777.777.777-77	giselle.souza@email.com	PE	Avenida Boa Viagem	Giselle Souza	2500	(81) 99999-7777
11	f	Moinhos de Vento	90570-000	Porto Alegre	555.555.555-55	elena.martins@email.com	RS	Rua Padre Chagas	Elena Martins	15	(51) 99999-5555
\.


--
-- TOC entry 5263 (class 0 OID 22835)
-- Dependencies: 228
-- Data for Name: contas_a_pagar; Type: TABLE DATA; Schema: public; Owner: postgres
--

COPY public.contas_a_pagar (id, condicao_pagamento, data_pagamento, data_vencimento, descricao, forma_pagamento, numero_parcelas, origem, origem_id, status, valor, valor_pago, fornecedor_id) FROM stdin;
1	\N	2026-03-09	2026-04-08	Pedido #PO-1DAF	CARTAO_CREDITO	\N	Pedido	1	PAGO	194.00	194.00	3
2	\N	2026-03-09	2026-04-08	Pedido #PO-65CB	PIX	\N	Pedido	3	PAGO	444.00	444.00	7
\.


--
-- TOC entry 5265 (class 0 OID 22847)
-- Dependencies: 230
-- Data for Name: contas_a_receber; Type: TABLE DATA; Schema: public; Owner: postgres
--

COPY public.contas_a_receber (id, condicao_pagamento, data_pagamento, data_vencimento, forma_pagamento, numero_parcelas, origem, origem_id, status, valor, valor_recebido, cliente_id) FROM stdin;
1	\N	\N	2026-04-08	\N	\N	Ordem de serviço	2	PENDENTE	260.00	\N	7
2	\N	2026-03-09	2026-04-08	CARTAO_CREDITO	3	Venda	3	PAGO	405.00	405.00	15
3	\N	\N	2026-04-08	\N	\N	Venda	4	CANCELADA	84.90	0.00	12
4	\N	2026-03-09	2026-04-08	DINHEIRO	1	Venda	2	PAGO	561.15	561.15	14
6	\N	\N	2026-04-08	\N	\N	Ordem de serviço	3	PENDENTE	155.00	\N	9
5	\N	2026-03-09	2026-04-08	CARTAO_CREDITO	1	Ordem de serviço	1	PAGO	952.00	952.00	10
\.


--
-- TOC entry 5266 (class 0 OID 22858)
-- Dependencies: 231
-- Data for Name: fornecedor_pecas; Type: TABLE DATA; Schema: public; Owner: postgres
--

COPY public.fornecedor_pecas (fornecedor_id, peca_id) FROM stdin;
1	2
1	4
1	1
1	3
1	5
3	12
3	14
3	11
3	15
3	13
7	2
7	12
7	14
7	15
7	3
7	9
\.


--
-- TOC entry 5267 (class 0 OID 22865)
-- Dependencies: 232
-- Data for Name: fornecedor_produtos; Type: TABLE DATA; Schema: public; Owner: postgres
--

COPY public.fornecedor_produtos (fornecedor_id, produto_id) FROM stdin;
2	6
2	10
2	9
2	8
2	7
4	4
4	1
4	6
4	3
4	7
6	15
6	12
6	10
6	14
6	13
\.


--
-- TOC entry 5269 (class 0 OID 22873)
-- Dependencies: 234
-- Data for Name: fornecedores; Type: TABLE DATA; Schema: public; Owner: postgres
--

COPY public.fornecedores (id, ativo, bairro, cep, cidade, cnpj, email, estado, logradouro, nome_fantasia, numero, razao_social, telefone, tipo) FROM stdin;
3	t	Cais	22020-050	Rio de Janeiro	33.333.333/0001-33	comercial@riopeças.com	RJ	Avenida Brasil	Rio Peças	200	Rio de Janeiro Peças Automotivas	(21) 3333-3333	PECA
4	t	Centro	30110-100	Belo Horizonte	44.444.444/0001-44	minas@prodbrasil.com	MG	Rua Tupis	Prod Minas	50	Minas Produtos Gerais Ltda	(31) 3333-4444	PRODUTO
6	t	SIA	70070-100	Brasília	66.666.666/0001-66	distribuidora@df.com	DF	SIA Trecho 3	DF Produtos	Lot 5	Distribuidora Federal de Produtos	(61) 3333-6666	PRODUTO
7	t	Porto	51020-100	Recife	77.777.777/0001-77	recife@logistica.com	PE	Cais do Porto	Recife Peças	10	Pernambuco Peças e Acessórios	(81) 3333-7777	PECA
8	t	Aldeota	60165-100	Fortaleza	88.888.888/0001-88	ceara@import.com	CE	Avenida Santos Dumont	Ceará Import	2200	Ceará Importação de Produtos	(85) 3333-8888	PRODUTO
9	t	Comércio	66033-100	Belém	99.999.999/0001-99	norte@pecas.com	PA	Rua da Indústria	Norte Peças	35	Norte Peças e Motores Ltda	(91) 3333-9999	PECA
10	t	Manaus	69037-100	Manaus	00.000.000/0001-00	zonafranca@prod.com	AM	Avenida Buriti	Amazon Prod	120	Amazonas Produtos da Zona Franca	(92) 3333-0000	PRODUTO
11	t	Uberaba	81560-280	Curitiba	16.772.189/5718-90	vplgugs@gmail.com	PR	Rua Agostinho Ângelo Trevisan	BustaTech	56C	BustaTech Ltda	(41) 98797-0732	PRODUTO
5	f	Navegantes	90570-100	Porto Alegre	55.555.555/0001-55	sul@componentes.com	RS	Rua dos Navegantes	Sul Componentes	880	Componentes do Sul Ltda	(51) 3333-5555	PECA
2	f	Distrito	01415-010	São Paulo	22.222.222/0001-22	vendas@techprod.com	SP	Avenida Paulista	Tech Produto	1500	Tech Produto Importação S.A.	(11) 3333-2222	PRODUTO
1	f	Industrial	80010-100	Curitiba	11.111.111/0001-11	contato@pecasul.com	PR	Rua das Engrenagens	Peça Sul	100	Peça Sul Distribuidora Ltda	(41) 3333-1111	PECA
\.


--
-- TOC entry 5271 (class 0 OID 22888)
-- Dependencies: 236
-- Data for Name: funcionarios; Type: TABLE DATA; Schema: public; Owner: postgres
--

COPY public.funcionarios (id, ativo, bairro, cargo, cep, cidade, cpf, data_admissao, email, estado, logradouro, nome, numero, telefone) FROM stdin;
4	t	Centro	ADMIN	80010-000	Curitiba	101.101.101-11	2023-01-15	ricardo.adm@empresa.com	PR	Rua das Flores	Ricardo Almeida	500	(41) 98888-0001
5	t	Pinheiros	TECNICO	05422-000	São Paulo	202.202.202-22	2023-03-10	marina.tech@empresa.com	SP	Rua dos Pinheiros	Marina Silva	12	(11) 98888-0002
6	t	Botafogo	VENDEDOR	22250-040	Rio de Janeiro	303.303.303-33	2023-05-20	fabio.vendas@empresa.com	RJ	Rua Voluntários da Pátria	Fabio Santos	102	(21) 98888-0003
8	t	Moinhos	AUXILIAR	90570-001	Porto Alegre	505.505.505-55	2021-08-15	andre.aux@empresa.com	RS	Rua Tobias da Silva	Andre Martins	88	(51) 98888-0005
10	t	Boa Viagem	VENDEDOR	51020-010	Recife	707.707.707-77	2022-04-12	beatriz.vendas@empresa.com	PE	Avenida Conselheiro Aguiar	Beatriz Lima	450	(81) 98888-0007
11	t	Aldeota	TECNICO	60150-160	Fortaleza	808.808.808-88	2023-07-22	tiago.tech@empresa.com	CE	Rua Maria Tomásia	Tiago Souza	1010	(85) 98888-0008
12	t	Nazareth	AUXILIAR	66035-145	Belém	909.909.909-99	2024-02-05	carol.adm@empresa.com	PA	Avenida Nazaré	Carolina Mendes	320	(91) 98888-0009
13	t	Adrianópolis	GERENTE	69057-050	Manaus	010.010.010-01	2020-10-10	sergio.gerencia@empresa.com	AM	Rua Teresina	Sergio Ferreira	15	(92) 98888-0010
7	f	Lourdes	GERENTE	30170-010	Belo Horizonte	404.404.404-44	2022-11-01	julia.gerencia@empresa.com	MG	Avenida do Contorno	Julia Costa	2500	(31) 98888-0004
9	f	Asa Norte	RECEPCIONISTA	70710-100	Brasília	606.606.606-66	2024-01-10	lucas.recepcao@empresa.com	DF	W3 Norte	Lucas Oliveira	S/N	(61) 98888-0006
\.


--
-- TOC entry 5273 (class 0 OID 22902)
-- Dependencies: 238
-- Data for Name: item_venda; Type: TABLE DATA; Schema: public; Owner: postgres
--

COPY public.item_venda (id, preco_unitario, quantidade, produto_id, venda_id) FROM stdin;
1	\N	1	1	1
2	\N	4	2	1
3	\N	1	1	2
4	\N	1	2	2
5	\N	1	3	2
6	\N	1	4	2
7	\N	1	5	2
8	\N	1	6	2
9	\N	1	7	2
10	\N	1	8	2
11	\N	1	9	2
12	\N	4	9	3
13	\N	10	10	3
14	\N	1	11	3
15	\N	1	2	4
16	\N	1	3	4
17	\N	5	2	5
18	\N	10	3	5
19	\N	3	10	5
20	\N	1	11	5
21	\N	4	15	5
\.


--
-- TOC entry 5275 (class 0 OID 22909)
-- Dependencies: 240
-- Data for Name: itens_pedido; Type: TABLE DATA; Schema: public; Owner: postgres
--

COPY public.itens_pedido (id, item_id, preco_unitario, quantidade, tipo_item, peca_id, pedido_id, produto_id) FROM stdin;
1	12	25.00	5	PECA	12	1	\N
2	14	5.00	1	PECA	14	1	\N
3	11	12.00	3	PECA	11	1	\N
4	15	14.00	2	PECA	15	1	\N
5	15	9.00	1	PRODUTO	\N	2	15
6	12	12.00	5	PRODUTO	\N	2	12
7	10	4.50	3	PRODUTO	\N	2	10
8	14	5.50	1	PRODUTO	\N	2	14
9	13	14.00	10	PRODUTO	\N	2	13
10	2	38.00	10	PECA	2	3	\N
11	14	5.00	4	PECA	14	3	\N
12	15	14.00	1	PECA	15	3	\N
13	3	15.00	2	PECA	3	3	\N
\.


--
-- TOC entry 5298 (class 0 OID 23220)
-- Dependencies: 263
-- Data for Name: itens_venda; Type: TABLE DATA; Schema: public; Owner: postgres
--

COPY public.itens_venda (id, preco_unitario, quantidade, subtotal, produto_id, venda_id) FROM stdin;
\.


--
-- TOC entry 5277 (class 0 OID 22919)
-- Dependencies: 242
-- Data for Name: marcas; Type: TABLE DATA; Schema: public; Owner: postgres
--

COPY public.marcas (id, nome) FROM stdin;
1	Apple
2	Samsung
3	Motorola
4	Xiaomi
5	LG
6	Asus
7	Realme
8	Huawei
\.


--
-- TOC entry 5279 (class 0 OID 22927)
-- Dependencies: 244
-- Data for Name: modelos; Type: TABLE DATA; Schema: public; Owner: postgres
--

COPY public.modelos (id, ativo, nome, marca_id) FROM stdin;
1	t	iPhone 15 Pro	1
2	t	iPhone 13	1
3	t	Galaxy S24 Ultra	2
5	t	Edge 40 Neo	3
7	t	Redmi Note 13	4
9	t	Zenfone 10	6
4	t	Galaxy S21 Plus	2
6	f	Moto G84	3
8	f	Xiaomi 14	4
10	f	ROG Phone 8	6
\.


--
-- TOC entry 5281 (class 0 OID 22937)
-- Dependencies: 246
-- Data for Name: notificacao; Type: TABLE DATA; Schema: public; Owner: postgres
--

COPY public.notificacao (id, data_criacao, lida, mensagem, tipo, pedido_id) FROM stdin;
1	2026-03-09 11:13:14.128265	f	O pedido PO-1DAF foi recebido. Efetive para atualizar o saldo.	PECA	1
2	2026-03-09 11:15:26.908152	f	O pedido PO-65CB foi recebido. Efetive para atualizar o saldo.	PECA	3
\.


--
-- TOC entry 5300 (class 0 OID 23226)
-- Dependencies: 265
-- Data for Name: ordem_peca; Type: TABLE DATA; Schema: public; Owner: postgres
--

COPY public.ordem_peca (ordem_id, peca_id) FROM stdin;
\.


--
-- TOC entry 5282 (class 0 OID 22950)
-- Dependencies: 247
-- Data for Name: ordem_pecas; Type: TABLE DATA; Schema: public; Owner: postgres
--

COPY public.ordem_pecas (ordem_id, peca_id) FROM stdin;
\.


--
-- TOC entry 5301 (class 0 OID 23231)
-- Dependencies: 266
-- Data for Name: ordem_servico_pecas; Type: TABLE DATA; Schema: public; Owner: postgres
--

COPY public.ordem_servico_pecas (ordem_servico_id, peca_id) FROM stdin;
\.


--
-- TOC entry 5284 (class 0 OID 22956)
-- Dependencies: 249
-- Data for Name: ordens_servico; Type: TABLE DATA; Schema: public; Owner: postgres
--

COPY public.ordens_servico (id, data_entrada, data_previsao, data_saida, defeito, estado_conservacao, motivo_desconto, porcentagem_desconto, senha_dispositivo, status, valor_servico, valor_total, aparelho_id, cliente_id, funcionario_id, servico_id) FROM stdin;
2	2026-03-09 11:01:36.523626	2026-03-12	2026-03-09 11:13:07.99494	Vidro traseiro do Aparelho trincado	Aparelho com marcas de uso nas laterais		0	3369	FINALIZADA	100.00	260.00	1	7	5	6
1	2026-03-09 04:29:57.744437	2026-03-15	2026-03-09 11:38:37.815331	Display da tela sem funcionar	Aparelho em bom estado	Cliente gente boa	20	121212	FINALIZADA	300.00	952.00	4	10	11	3
3	2026-03-09 11:38:31.28102	2026-03-11	2026-03-09 11:38:41.092213	Aparelho não liga 	Aparelho em bom estado so com detalhes de uso na carcaça		0	111222	FINALIZADA	100.00	155.00	3	9	11	7
\.


--
-- TOC entry 5286 (class 0 OID 22972)
-- Dependencies: 251
-- Data for Name: pecas; Type: TABLE DATA; Schema: public; Owner: postgres
--

COPY public.pecas (id, ativo, codigo_barras, nome, preco_compra, preco_venda, estoque_atual, quantidade_minima, categoria_pecas_id, fornecedor_id) FROM stdin;
1	t	PC-0011	Tela Touch Screen iPad 9th Gen	180.00	450.00	10	2	1	1
2	t	PC-0012	Bateria Galaxy A32 (5000mAh)	38.00	115.00	25	5	2	3
3	t	PC-0013	Flex de Carga e Microfone Poco X3 Pro	15.00	75.00	20	5	3	5
4	t	PC-0014	Câmera Frontal iPhone 11	55.00	140.00	12	3	9	9
6	t	PC-0016	Botão Home Digital iPhone 8 Plus	22.00	85.00	18	5	11	3
7	t	PC-0017	Campainha (Loudspeaker) Moto G30	8.50	45.00	30	10	12	5
8	t	PC-0018	Stencil Universal Reparo Placa BGA	35.00	95.00	5	2	13	9
9	t	PC-0019	Tela Display OLED Samsung S21 Plus	450.00	890.00	4	1	1	1
10	t	PC-0020	Bateria Original Xiaomi Redmi Note 10	42.00	125.00	22	5	2	3
12	t	PC-0022	Vibracall (Taptic Engine) iPhone X	25.00	80.00	15	3	4	9
13	t	PC-0023	Aro Frontal Chassis Samsung A51	30.00	95.00	10	2	10	1
14	t	PC-0024	Microfone Interno SMD Universal (10 un)	5.00	30.00	100	20	12	3
15	t	PC-0025	Flex Antena Wi-Fi/Bluetooth iPhone 11	14.00	60.00	25	5	4	5
5	t	PC-0015	Tampa Traseira Vidro iPhone 15	45.00	160.00	15	4	10	1
11	t	PC-0021	Conector FPC Tela Placa Mãe iPhone 13	12.00	55.00	40	10	13	10
\.


--
-- TOC entry 5288 (class 0 OID 22982)
-- Dependencies: 253
-- Data for Name: pedidos; Type: TABLE DATA; Schema: public; Owner: postgres
--

COPY public.pedidos (id, codigo, data_pedido, observacoes, status, tipo_pedido, valor_total, fornecedor_id, funcionario_id) FROM stdin;
2	PO-FE25	2026-03-09	Entregar o pedido em horario comercial	PENDENTE	PRODUTO	228.00	6	6
1	PO-1DAF	2026-03-09	Entregar somente dias de semana	RECEBIDO	PECA	194.00	3	5
3	PO-65CB	2026-03-09	Entregar para o gerente da empresa na rua de trás	RECEBIDO	PECA	444.00	7	8
\.


--
-- TOC entry 5302 (class 0 OID 23236)
-- Dependencies: 267
-- Data for Name: pedidos_compra; Type: TABLE DATA; Schema: public; Owner: postgres
--

COPY public.pedidos_compra (id, codigo, data_pedido, data_previsao_entrega, observacoes, status, valor_frete, valor_subtotal, valor_total, fornecedor_id, usuario_id, funcionario_id) FROM stdin;
\.


--
-- TOC entry 5290 (class 0 OID 22994)
-- Dependencies: 255
-- Data for Name: produtos; Type: TABLE DATA; Schema: public; Owner: postgres
--

COPY public.produtos (id, ativo, codigo_barras, nome, preco_compra, preco_venda, quantidade, quantidade_minima, categoria_id, fornecedor_id) FROM stdin;
12	t	78910012	Anel de Luz (Ring Light) Portátil	12.00	45.00	15	5	5	10
13	t	78910013	Cabo Magnético 3 em 1 (iOS/C/Micro)	14.00	55.00	50	10	1	2
14	t	78910014	Limpa Telas Spray + Microfibra	5.50	19.90	100	15	5	4
5	t	78910005	Fone de Ouvido Bluetooth TWS v5.3	45.00	159.00	24	5	4	8
6	t	78910006	Suporte Veicular Magnético	15.90	49.90	39	10	5	10
7	t	78910007	Carregador Portátil 10.000mAh	55.00	149.90	19	5	1	2
3	t	78910003	Capa Silicone iPhone 15 Pro - Preta	8.50	39.90	18	5	2	4
11	t	78910011	Cartão de Memória MicroSD 64GB	18.00	65.00	33	10	6	8
15	t	78910015	Fone Intra-auricular com Fio P2	9.00	35.00	66	20	4	8
4	t	78910004	Película Vidro 3D Galaxy S24	3.20	25.00	29	50	3	6
2	t	78910002	Cabo Lightning 1.2m Reforçado	12.00	45.00	19	20	1	2
1	t	78910001	Carregador Turbo 20W USB-C	25.50	89.90	20	10	1	2
8	t	78910008	Adaptador Jack 3.5mm para USB-C	7.50	29.90	29	15	1	2
9	t	78910009	Capa Anti-Impacto Transparente G54	6.00	35.00	10	10	2	4
10	t	78910010	Película de Câmera iPhone 13	4.50	20.00	37	20	3	6
\.


--
-- TOC entry 5291 (class 0 OID 23007)
-- Dependencies: 256
-- Data for Name: servico_peca; Type: TABLE DATA; Schema: public; Owner: postgres
--

COPY public.servico_peca (servico_id, peca_id) FROM stdin;
1	4
2	3
3	9
4	2
5	6
6	5
7	11
\.


--
-- TOC entry 5293 (class 0 OID 23013)
-- Dependencies: 258
-- Data for Name: servicos; Type: TABLE DATA; Schema: public; Owner: postgres
--

COPY public.servicos (id, ativo, nome, valor_base) FROM stdin;
1	t	Troca de câmera iPhone 11	200.00
2	t	Troca do Flex Poco X3 Pro	100.00
3	t	Troca do display S21 Plus	300.00
4	t	Troca da bateria do A32	50.00
5	t	Troca do botão Home do IPhone 8 Plus	100.00
6	t	Troca do vidro Traseiro do iPhone 15	100.00
7	t	Troca do conector FPC do iPhone 13	100.00
\.


--
-- TOC entry 5295 (class 0 OID 23023)
-- Dependencies: 260
-- Data for Name: usuarios; Type: TABLE DATA; Schema: public; Owner: postgres
--

COPY public.usuarios (id, ativo, cargo, cpf, data_cadastro, nome, senha) FROM stdin;
2	t	TECNICO	222.222.222-22	2026-03-09 04:01:36.896	Técnico	$2a$10$Go2nbKM/U.eD6RUYv6nrWu4SpDws2LTSpzgVOsq35bvsQ7JhJV6YC
3	t	VENDEDOR	333.333.333-33	2026-03-09 04:01:54.955	Vendedor	$2a$10$0AUK0BdZOhycTk0S27v1jOWW1OtTLwiNWrSsfes85vNZ6yzwnFw/O
4	t	GERENTE	444.444.444-44	2026-03-09 04:02:19.762	Gerente	$2a$10$EYuiTm9Swv.kEPIDFWbwM.lTRRxyhow27joMsa3XIWuz.5aGYSLl2
5	t	AUXILIAR	555.555.555-55	2026-03-09 04:02:43.803	Auxiliar	$2a$10$BtWpsAJFmAFLjNW9Yxn74Oj.Ls/rPaGlUL4rQzvTBq7xBgfyK8JXG
6	t	RECEPCIONISTA	666.666.666-66	2026-03-09 04:03:14.422	Recepcionista	$2a$10$D4qB1IiDDrpxcV9AWI/0euso9FyolYIAEBwbX8Ucs56C3l66qVfZK
1	t	ADMIN	111.111.111-11	2026-03-09 04:01:04.426971	Administrador	$2a$10$z8X3P52qsQ0GUEd9TCH9iu82ltS73eEawRyd3j5HmdkgFyr7Z8gKK
\.


--
-- TOC entry 5304 (class 0 OID 23246)
-- Dependencies: 269
-- Data for Name: venda_produtos; Type: TABLE DATA; Schema: public; Owner: postgres
--

COPY public.venda_produtos (venda_id, produto_id) FROM stdin;
\.


--
-- TOC entry 5297 (class 0 OID 23038)
-- Dependencies: 262
-- Data for Name: vendas; Type: TABLE DATA; Schema: public; Owner: postgres
--

COPY public.vendas (id, codigo, condicao_pagamento, data_venda, forma_pagamento, motivo_desconto, numero_parcelas, porcentagem_desconto, status, valor_bruto, valor_total, cliente_id, funcionario_id) FROM stdin;
1	VD-B16D	PARCELADO	2026-03-09	CARTAO_CREDITO	Cliente fidelidade	4	10.00	PENDENTE	269.90	242.91	7	10
3	VD-2225	AVISTA	2026-03-09	PIX		1	\N	CONCLUIDA	405.00	405.00	15	6
4	VD-8179	AVISTA	2026-03-09	BOLETO		1	\N	CONCLUIDA	84.90	84.90	12	10
2	VD-672B	AVISTA	2026-03-09	DINHEIRO	Cliente veio com indicação	1	10.00	CONCLUIDA	623.50	561.15	14	6
5	VD-4EB2	PARCELADO	2026-03-09	CARTAO_CREDITO	Cliente legal	6	10.00	CANCELADA	889.00	800.10	8	10
\.


--
-- TOC entry 5310 (class 0 OID 0)
-- Dependencies: 219
-- Name: aparelhos_id_seq; Type: SEQUENCE SET; Schema: public; Owner: postgres
--

SELECT pg_catalog.setval('public.aparelhos_id_seq', 10, true);


--
-- TOC entry 5311 (class 0 OID 0)
-- Dependencies: 221
-- Name: categoria_pecas_id_seq; Type: SEQUENCE SET; Schema: public; Owner: postgres
--

SELECT pg_catalog.setval('public.categoria_pecas_id_seq', 13, true);


--
-- TOC entry 5312 (class 0 OID 0)
-- Dependencies: 223
-- Name: categorias_id_seq; Type: SEQUENCE SET; Schema: public; Owner: postgres
--

SELECT pg_catalog.setval('public.categorias_id_seq', 6, true);


--
-- TOC entry 5313 (class 0 OID 0)
-- Dependencies: 225
-- Name: clientes_id_seq; Type: SEQUENCE SET; Schema: public; Owner: postgres
--

SELECT pg_catalog.setval('public.clientes_id_seq', 17, true);


--
-- TOC entry 5314 (class 0 OID 0)
-- Dependencies: 227
-- Name: contas_a_pagar_id_seq; Type: SEQUENCE SET; Schema: public; Owner: postgres
--

SELECT pg_catalog.setval('public.contas_a_pagar_id_seq', 2, true);


--
-- TOC entry 5315 (class 0 OID 0)
-- Dependencies: 229
-- Name: contas_a_receber_id_seq; Type: SEQUENCE SET; Schema: public; Owner: postgres
--

SELECT pg_catalog.setval('public.contas_a_receber_id_seq', 6, true);


--
-- TOC entry 5316 (class 0 OID 0)
-- Dependencies: 233
-- Name: fornecedores_id_seq; Type: SEQUENCE SET; Schema: public; Owner: postgres
--

SELECT pg_catalog.setval('public.fornecedores_id_seq', 11, true);


--
-- TOC entry 5317 (class 0 OID 0)
-- Dependencies: 235
-- Name: funcionarios_id_seq; Type: SEQUENCE SET; Schema: public; Owner: postgres
--

SELECT pg_catalog.setval('public.funcionarios_id_seq', 13, true);


--
-- TOC entry 5318 (class 0 OID 0)
-- Dependencies: 237
-- Name: item_venda_id_seq; Type: SEQUENCE SET; Schema: public; Owner: postgres
--

SELECT pg_catalog.setval('public.item_venda_id_seq', 21, true);


--
-- TOC entry 5319 (class 0 OID 0)
-- Dependencies: 239
-- Name: itens_pedido_id_seq; Type: SEQUENCE SET; Schema: public; Owner: postgres
--

SELECT pg_catalog.setval('public.itens_pedido_id_seq', 13, true);


--
-- TOC entry 5320 (class 0 OID 0)
-- Dependencies: 264
-- Name: itens_venda_id_seq; Type: SEQUENCE SET; Schema: public; Owner: postgres
--

SELECT pg_catalog.setval('public.itens_venda_id_seq', 1, false);


--
-- TOC entry 5321 (class 0 OID 0)
-- Dependencies: 241
-- Name: marcas_id_seq; Type: SEQUENCE SET; Schema: public; Owner: postgres
--

SELECT pg_catalog.setval('public.marcas_id_seq', 8, true);


--
-- TOC entry 5322 (class 0 OID 0)
-- Dependencies: 243
-- Name: modelos_id_seq; Type: SEQUENCE SET; Schema: public; Owner: postgres
--

SELECT pg_catalog.setval('public.modelos_id_seq', 10, true);


--
-- TOC entry 5323 (class 0 OID 0)
-- Dependencies: 245
-- Name: notificacao_id_seq; Type: SEQUENCE SET; Schema: public; Owner: postgres
--

SELECT pg_catalog.setval('public.notificacao_id_seq', 2, true);


--
-- TOC entry 5324 (class 0 OID 0)
-- Dependencies: 248
-- Name: ordens_servico_id_seq; Type: SEQUENCE SET; Schema: public; Owner: postgres
--

SELECT pg_catalog.setval('public.ordens_servico_id_seq', 3, true);


--
-- TOC entry 5325 (class 0 OID 0)
-- Dependencies: 250
-- Name: pecas_id_seq; Type: SEQUENCE SET; Schema: public; Owner: postgres
--

SELECT pg_catalog.setval('public.pecas_id_seq', 15, true);


--
-- TOC entry 5326 (class 0 OID 0)
-- Dependencies: 268
-- Name: pedidos_compra_id_seq; Type: SEQUENCE SET; Schema: public; Owner: postgres
--

SELECT pg_catalog.setval('public.pedidos_compra_id_seq', 1, false);


--
-- TOC entry 5327 (class 0 OID 0)
-- Dependencies: 252
-- Name: pedidos_id_seq; Type: SEQUENCE SET; Schema: public; Owner: postgres
--

SELECT pg_catalog.setval('public.pedidos_id_seq', 3, true);


--
-- TOC entry 5328 (class 0 OID 0)
-- Dependencies: 254
-- Name: produtos_id_seq; Type: SEQUENCE SET; Schema: public; Owner: postgres
--

SELECT pg_catalog.setval('public.produtos_id_seq', 15, true);


--
-- TOC entry 5329 (class 0 OID 0)
-- Dependencies: 257
-- Name: servicos_id_seq; Type: SEQUENCE SET; Schema: public; Owner: postgres
--

SELECT pg_catalog.setval('public.servicos_id_seq', 7, true);


--
-- TOC entry 5330 (class 0 OID 0)
-- Dependencies: 259
-- Name: usuarios_id_seq; Type: SEQUENCE SET; Schema: public; Owner: postgres
--

SELECT pg_catalog.setval('public.usuarios_id_seq', 6, true);


--
-- TOC entry 5331 (class 0 OID 0)
-- Dependencies: 261
-- Name: vendas_id_seq; Type: SEQUENCE SET; Schema: public; Owner: postgres
--

SELECT pg_catalog.setval('public.vendas_id_seq', 5, true);


--
-- TOC entry 5004 (class 2606 OID 22807)
-- Name: aparelhos aparelhos_pkey; Type: CONSTRAINT; Schema: public; Owner: postgres
--

ALTER TABLE ONLY public.aparelhos
    ADD CONSTRAINT aparelhos_pkey PRIMARY KEY (id);


--
-- TOC entry 5006 (class 2606 OID 22814)
-- Name: categoria_pecas categoria_pecas_pkey; Type: CONSTRAINT; Schema: public; Owner: postgres
--

ALTER TABLE ONLY public.categoria_pecas
    ADD CONSTRAINT categoria_pecas_pkey PRIMARY KEY (id);


--
-- TOC entry 5008 (class 2606 OID 22821)
-- Name: categorias categorias_pkey; Type: CONSTRAINT; Schema: public; Owner: postgres
--

ALTER TABLE ONLY public.categorias
    ADD CONSTRAINT categorias_pkey PRIMARY KEY (id);


--
-- TOC entry 5010 (class 2606 OID 22833)
-- Name: clientes clientes_pkey; Type: CONSTRAINT; Schema: public; Owner: postgres
--

ALTER TABLE ONLY public.clientes
    ADD CONSTRAINT clientes_pkey PRIMARY KEY (id);


--
-- TOC entry 5014 (class 2606 OID 22845)
-- Name: contas_a_pagar contas_a_pagar_pkey; Type: CONSTRAINT; Schema: public; Owner: postgres
--

ALTER TABLE ONLY public.contas_a_pagar
    ADD CONSTRAINT contas_a_pagar_pkey PRIMARY KEY (id);


--
-- TOC entry 5016 (class 2606 OID 22857)
-- Name: contas_a_receber contas_a_receber_pkey; Type: CONSTRAINT; Schema: public; Owner: postgres
--

ALTER TABLE ONLY public.contas_a_receber
    ADD CONSTRAINT contas_a_receber_pkey PRIMARY KEY (id);


--
-- TOC entry 5018 (class 2606 OID 22864)
-- Name: fornecedor_pecas fornecedor_pecas_pkey; Type: CONSTRAINT; Schema: public; Owner: postgres
--

ALTER TABLE ONLY public.fornecedor_pecas
    ADD CONSTRAINT fornecedor_pecas_pkey PRIMARY KEY (fornecedor_id, peca_id);


--
-- TOC entry 5020 (class 2606 OID 22871)
-- Name: fornecedor_produtos fornecedor_produtos_pkey; Type: CONSTRAINT; Schema: public; Owner: postgres
--

ALTER TABLE ONLY public.fornecedor_produtos
    ADD CONSTRAINT fornecedor_produtos_pkey PRIMARY KEY (fornecedor_id, produto_id);


--
-- TOC entry 5022 (class 2606 OID 22886)
-- Name: fornecedores fornecedores_pkey; Type: CONSTRAINT; Schema: public; Owner: postgres
--

ALTER TABLE ONLY public.fornecedores
    ADD CONSTRAINT fornecedores_pkey PRIMARY KEY (id);


--
-- TOC entry 5026 (class 2606 OID 22900)
-- Name: funcionarios funcionarios_pkey; Type: CONSTRAINT; Schema: public; Owner: postgres
--

ALTER TABLE ONLY public.funcionarios
    ADD CONSTRAINT funcionarios_pkey PRIMARY KEY (id);


--
-- TOC entry 5030 (class 2606 OID 22907)
-- Name: item_venda item_venda_pkey; Type: CONSTRAINT; Schema: public; Owner: postgres
--

ALTER TABLE ONLY public.item_venda
    ADD CONSTRAINT item_venda_pkey PRIMARY KEY (id);


--
-- TOC entry 5032 (class 2606 OID 22917)
-- Name: itens_pedido itens_pedido_pkey; Type: CONSTRAINT; Schema: public; Owner: postgres
--

ALTER TABLE ONLY public.itens_pedido
    ADD CONSTRAINT itens_pedido_pkey PRIMARY KEY (id);


--
-- TOC entry 5060 (class 2606 OID 23252)
-- Name: itens_venda itens_venda_pkey; Type: CONSTRAINT; Schema: public; Owner: postgres
--

ALTER TABLE ONLY public.itens_venda
    ADD CONSTRAINT itens_venda_pkey PRIMARY KEY (id);


--
-- TOC entry 5034 (class 2606 OID 22925)
-- Name: marcas marcas_pkey; Type: CONSTRAINT; Schema: public; Owner: postgres
--

ALTER TABLE ONLY public.marcas
    ADD CONSTRAINT marcas_pkey PRIMARY KEY (id);


--
-- TOC entry 5038 (class 2606 OID 22935)
-- Name: modelos modelos_pkey; Type: CONSTRAINT; Schema: public; Owner: postgres
--

ALTER TABLE ONLY public.modelos
    ADD CONSTRAINT modelos_pkey PRIMARY KEY (id);


--
-- TOC entry 5040 (class 2606 OID 22949)
-- Name: notificacao notificacao_pkey; Type: CONSTRAINT; Schema: public; Owner: postgres
--

ALTER TABLE ONLY public.notificacao
    ADD CONSTRAINT notificacao_pkey PRIMARY KEY (id);


--
-- TOC entry 5042 (class 2606 OID 22970)
-- Name: ordens_servico ordens_servico_pkey; Type: CONSTRAINT; Schema: public; Owner: postgres
--

ALTER TABLE ONLY public.ordens_servico
    ADD CONSTRAINT ordens_servico_pkey PRIMARY KEY (id);


--
-- TOC entry 5044 (class 2606 OID 22980)
-- Name: pecas pecas_pkey; Type: CONSTRAINT; Schema: public; Owner: postgres
--

ALTER TABLE ONLY public.pecas
    ADD CONSTRAINT pecas_pkey PRIMARY KEY (id);


--
-- TOC entry 5062 (class 2606 OID 23254)
-- Name: pedidos_compra pedidos_compra_pkey; Type: CONSTRAINT; Schema: public; Owner: postgres
--

ALTER TABLE ONLY public.pedidos_compra
    ADD CONSTRAINT pedidos_compra_pkey PRIMARY KEY (id);


--
-- TOC entry 5046 (class 2606 OID 22992)
-- Name: pedidos pedidos_pkey; Type: CONSTRAINT; Schema: public; Owner: postgres
--

ALTER TABLE ONLY public.pedidos
    ADD CONSTRAINT pedidos_pkey PRIMARY KEY (id);


--
-- TOC entry 5050 (class 2606 OID 23006)
-- Name: produtos produtos_pkey; Type: CONSTRAINT; Schema: public; Owner: postgres
--

ALTER TABLE ONLY public.produtos
    ADD CONSTRAINT produtos_pkey PRIMARY KEY (id);


--
-- TOC entry 5052 (class 2606 OID 23021)
-- Name: servicos servicos_pkey; Type: CONSTRAINT; Schema: public; Owner: postgres
--

ALTER TABLE ONLY public.servicos
    ADD CONSTRAINT servicos_pkey PRIMARY KEY (id);


--
-- TOC entry 5064 (class 2606 OID 23256)
-- Name: pedidos_compra uk6miu7p3l8xcfb29t2jj6cn4j6; Type: CONSTRAINT; Schema: public; Owner: postgres
--

ALTER TABLE ONLY public.pedidos_compra
    ADD CONSTRAINT uk6miu7p3l8xcfb29t2jj6cn4j6 UNIQUE (codigo);


--
-- TOC entry 5012 (class 2606 OID 23054)
-- Name: clientes uk7wflw78ibh162cmq12ii6ffly; Type: CONSTRAINT; Schema: public; Owner: postgres
--

ALTER TABLE ONLY public.clientes
    ADD CONSTRAINT uk7wflw78ibh162cmq12ii6ffly UNIQUE (cpf);


--
-- TOC entry 5048 (class 2606 OID 23062)
-- Name: pedidos ukopykg0avndf87lga45wx7l02v; Type: CONSTRAINT; Schema: public; Owner: postgres
--

ALTER TABLE ONLY public.pedidos
    ADD CONSTRAINT ukopykg0avndf87lga45wx7l02v UNIQUE (codigo);


--
-- TOC entry 5036 (class 2606 OID 23060)
-- Name: marcas ukr2am2bysorcd90qxo9mscxahg; Type: CONSTRAINT; Schema: public; Owner: postgres
--

ALTER TABLE ONLY public.marcas
    ADD CONSTRAINT ukr2am2bysorcd90qxo9mscxahg UNIQUE (nome);


--
-- TOC entry 5028 (class 2606 OID 23058)
-- Name: funcionarios ukrrykmyf711s2n7maopibw47s0; Type: CONSTRAINT; Schema: public; Owner: postgres
--

ALTER TABLE ONLY public.funcionarios
    ADD CONSTRAINT ukrrykmyf711s2n7maopibw47s0 UNIQUE (cpf);


--
-- TOC entry 5024 (class 2606 OID 23056)
-- Name: fornecedores uktflo0rfxyagqf5aq6rvjt5ofh; Type: CONSTRAINT; Schema: public; Owner: postgres
--

ALTER TABLE ONLY public.fornecedores
    ADD CONSTRAINT uktflo0rfxyagqf5aq6rvjt5ofh UNIQUE (cnpj);


--
-- TOC entry 5056 (class 2606 OID 23064)
-- Name: vendas uktii6ee9wcjiuxxxts42eqmbsv; Type: CONSTRAINT; Schema: public; Owner: postgres
--

ALTER TABLE ONLY public.vendas
    ADD CONSTRAINT uktii6ee9wcjiuxxxts42eqmbsv UNIQUE (codigo);


--
-- TOC entry 5054 (class 2606 OID 23036)
-- Name: usuarios usuarios_pkey; Type: CONSTRAINT; Schema: public; Owner: postgres
--

ALTER TABLE ONLY public.usuarios
    ADD CONSTRAINT usuarios_pkey PRIMARY KEY (id);


--
-- TOC entry 5058 (class 2606 OID 23052)
-- Name: vendas vendas_pkey; Type: CONSTRAINT; Schema: public; Owner: postgres
--

ALTER TABLE ONLY public.vendas
    ADD CONSTRAINT vendas_pkey PRIMARY KEY (id);


--
-- TOC entry 5094 (class 2606 OID 23210)
-- Name: vendas fk18jb6atkgnouxy9b97unm4uue; Type: FK CONSTRAINT; Schema: public; Owner: postgres
--

ALTER TABLE ONLY public.vendas
    ADD CONSTRAINT fk18jb6atkgnouxy9b97unm4uue FOREIGN KEY (cliente_id) REFERENCES public.clientes(id);


--
-- TOC entry 5082 (class 2606 OID 23150)
-- Name: ordens_servico fk2h24dupsff897yct5q0j4aq5o; Type: FK CONSTRAINT; Schema: public; Owner: postgres
--

ALTER TABLE ONLY public.ordens_servico
    ADD CONSTRAINT fk2h24dupsff897yct5q0j4aq5o FOREIGN KEY (aparelho_id) REFERENCES public.aparelhos(id);


--
-- TOC entry 5105 (class 2606 OID 23257)
-- Name: venda_produtos fk3d2gguaqg7umrkcmnnfpabi4a; Type: FK CONSTRAINT; Schema: public; Owner: postgres
--

ALTER TABLE ONLY public.venda_produtos
    ADD CONSTRAINT fk3d2gguaqg7umrkcmnnfpabi4a FOREIGN KEY (produto_id) REFERENCES public.produtos(id);


--
-- TOC entry 5095 (class 2606 OID 23215)
-- Name: vendas fk3htwsgmp8wkb2cgt1uidmsgsp; Type: FK CONSTRAINT; Schema: public; Owner: postgres
--

ALTER TABLE ONLY public.vendas
    ADD CONSTRAINT fk3htwsgmp8wkb2cgt1uidmsgsp FOREIGN KEY (funcionario_id) REFERENCES public.funcionarios(id);


--
-- TOC entry 5083 (class 2606 OID 23155)
-- Name: ordens_servico fk3umkg4oa4r9q93q5frh5lrh0p; Type: FK CONSTRAINT; Schema: public; Owner: postgres
--

ALTER TABLE ONLY public.ordens_servico
    ADD CONSTRAINT fk3umkg4oa4r9q93q5frh5lrh0p FOREIGN KEY (cliente_id) REFERENCES public.clientes(id);


--
-- TOC entry 5075 (class 2606 OID 23120)
-- Name: itens_pedido fk42mycompce3b7yt3l6ukdwsxy; Type: FK CONSTRAINT; Schema: public; Owner: postgres
--

ALTER TABLE ONLY public.itens_pedido
    ADD CONSTRAINT fk42mycompce3b7yt3l6ukdwsxy FOREIGN KEY (pedido_id) REFERENCES public.pedidos(id);


--
-- TOC entry 5092 (class 2606 OID 23200)
-- Name: servico_peca fk44ofi8xx6bjnwegfee4so1jad; Type: FK CONSTRAINT; Schema: public; Owner: postgres
--

ALTER TABLE ONLY public.servico_peca
    ADD CONSTRAINT fk44ofi8xx6bjnwegfee4so1jad FOREIGN KEY (peca_id) REFERENCES public.pecas(id);


--
-- TOC entry 5086 (class 2606 OID 23175)
-- Name: pecas fk4hdxrch99lqiu64lgf07uvtxd; Type: FK CONSTRAINT; Schema: public; Owner: postgres
--

ALTER TABLE ONLY public.pecas
    ADD CONSTRAINT fk4hdxrch99lqiu64lgf07uvtxd FOREIGN KEY (fornecedor_id) REFERENCES public.fornecedores(id);


--
-- TOC entry 5100 (class 2606 OID 23262)
-- Name: ordem_servico_pecas fk5d11yrxecovxm5aqjn7hgoc2r; Type: FK CONSTRAINT; Schema: public; Owner: postgres
--

ALTER TABLE ONLY public.ordem_servico_pecas
    ADD CONSTRAINT fk5d11yrxecovxm5aqjn7hgoc2r FOREIGN KEY (ordem_servico_id) REFERENCES public.ordens_servico(id);


--
-- TOC entry 5079 (class 2606 OID 23135)
-- Name: notificacao fk5qkkt3rtpuynsjmd5a402qkqp; Type: FK CONSTRAINT; Schema: public; Owner: postgres
--

ALTER TABLE ONLY public.notificacao
    ADD CONSTRAINT fk5qkkt3rtpuynsjmd5a402qkqp FOREIGN KEY (pedido_id) REFERENCES public.pedidos(id);


--
-- TOC entry 5084 (class 2606 OID 23160)
-- Name: ordens_servico fk6cdtl94apn08ea385dy80knio; Type: FK CONSTRAINT; Schema: public; Owner: postgres
--

ALTER TABLE ONLY public.ordens_servico
    ADD CONSTRAINT fk6cdtl94apn08ea385dy80knio FOREIGN KEY (funcionario_id) REFERENCES public.funcionarios(id);


--
-- TOC entry 5098 (class 2606 OID 23267)
-- Name: ordem_peca fk6jdthommhs4n6jxsjmxtthr60; Type: FK CONSTRAINT; Schema: public; Owner: postgres
--

ALTER TABLE ONLY public.ordem_peca
    ADD CONSTRAINT fk6jdthommhs4n6jxsjmxtthr60 FOREIGN KEY (peca_id) REFERENCES public.pecas(id);


--
-- TOC entry 5065 (class 2606 OID 23065)
-- Name: aparelhos fk7wqtuaim18dpajj63l2ws7uac; Type: FK CONSTRAINT; Schema: public; Owner: postgres
--

ALTER TABLE ONLY public.aparelhos
    ADD CONSTRAINT fk7wqtuaim18dpajj63l2ws7uac FOREIGN KEY (cliente_id) REFERENCES public.clientes(id);


--
-- TOC entry 5090 (class 2606 OID 23190)
-- Name: produtos fk8rqw0ljwdaom34jr2t46bjtrn; Type: FK CONSTRAINT; Schema: public; Owner: postgres
--

ALTER TABLE ONLY public.produtos
    ADD CONSTRAINT fk8rqw0ljwdaom34jr2t46bjtrn FOREIGN KEY (categoria_id) REFERENCES public.categorias(id);


--
-- TOC entry 5099 (class 2606 OID 23272)
-- Name: ordem_peca fkaa9gf427310m4kj6la4dclqfi; Type: FK CONSTRAINT; Schema: public; Owner: postgres
--

ALTER TABLE ONLY public.ordem_peca
    ADD CONSTRAINT fkaa9gf427310m4kj6la4dclqfi FOREIGN KEY (ordem_id) REFERENCES public.ordens_servico(id);


--
-- TOC entry 5102 (class 2606 OID 23277)
-- Name: pedidos_compra fkan3yv2vk5m3gbphqf4f6yxj4j; Type: FK CONSTRAINT; Schema: public; Owner: postgres
--

ALTER TABLE ONLY public.pedidos_compra
    ADD CONSTRAINT fkan3yv2vk5m3gbphqf4f6yxj4j FOREIGN KEY (fornecedor_id) REFERENCES public.fornecedores(id);


--
-- TOC entry 5071 (class 2606 OID 23100)
-- Name: fornecedor_produtos fkbge36akxf35v69c245dista85; Type: FK CONSTRAINT; Schema: public; Owner: postgres
--

ALTER TABLE ONLY public.fornecedor_produtos
    ADD CONSTRAINT fkbge36akxf35v69c245dista85 FOREIGN KEY (fornecedor_id) REFERENCES public.fornecedores(id);


--
-- TOC entry 5067 (class 2606 OID 23075)
-- Name: contas_a_pagar fkbi825f3xlk0hdgx8wrki1qfde; Type: FK CONSTRAINT; Schema: public; Owner: postgres
--

ALTER TABLE ONLY public.contas_a_pagar
    ADD CONSTRAINT fkbi825f3xlk0hdgx8wrki1qfde FOREIGN KEY (fornecedor_id) REFERENCES public.fornecedores(id);


--
-- TOC entry 5072 (class 2606 OID 23095)
-- Name: fornecedor_produtos fkcvpadumdyu6dljfkq1lkl09k3; Type: FK CONSTRAINT; Schema: public; Owner: postgres
--

ALTER TABLE ONLY public.fornecedor_produtos
    ADD CONSTRAINT fkcvpadumdyu6dljfkq1lkl09k3 FOREIGN KEY (produto_id) REFERENCES public.produtos(id);


--
-- TOC entry 5103 (class 2606 OID 23282)
-- Name: pedidos_compra fkfpdqjr23b5eu5v2cnm0rnssa1; Type: FK CONSTRAINT; Schema: public; Owner: postgres
--

ALTER TABLE ONLY public.pedidos_compra
    ADD CONSTRAINT fkfpdqjr23b5eu5v2cnm0rnssa1 FOREIGN KEY (funcionario_id) REFERENCES public.funcionarios(id);


--
-- TOC entry 5078 (class 2606 OID 23130)
-- Name: modelos fkfwmnvprqtv5jc4t60c076mj7h; Type: FK CONSTRAINT; Schema: public; Owner: postgres
--

ALTER TABLE ONLY public.modelos
    ADD CONSTRAINT fkfwmnvprqtv5jc4t60c076mj7h FOREIGN KEY (marca_id) REFERENCES public.marcas(id);


--
-- TOC entry 5096 (class 2606 OID 23287)
-- Name: itens_venda fkgvenjj7qdfy5i8lgbhhvoftck; Type: FK CONSTRAINT; Schema: public; Owner: postgres
--

ALTER TABLE ONLY public.itens_venda
    ADD CONSTRAINT fkgvenjj7qdfy5i8lgbhhvoftck FOREIGN KEY (venda_id) REFERENCES public.vendas(id);


--
-- TOC entry 5080 (class 2606 OID 23140)
-- Name: ordem_pecas fkhabitltrnr7bxswngtf4iklkj; Type: FK CONSTRAINT; Schema: public; Owner: postgres
--

ALTER TABLE ONLY public.ordem_pecas
    ADD CONSTRAINT fkhabitltrnr7bxswngtf4iklkj FOREIGN KEY (peca_id) REFERENCES public.pecas(id);


--
-- TOC entry 5101 (class 2606 OID 23292)
-- Name: ordem_servico_pecas fkhsip3epxwhscbqo5s048rusv5; Type: FK CONSTRAINT; Schema: public; Owner: postgres
--

ALTER TABLE ONLY public.ordem_servico_pecas
    ADD CONSTRAINT fkhsip3epxwhscbqo5s048rusv5 FOREIGN KEY (peca_id) REFERENCES public.pecas(id);


--
-- TOC entry 5076 (class 2606 OID 23115)
-- Name: itens_pedido fkhvw0jasnyjbtornu1481yyalw; Type: FK CONSTRAINT; Schema: public; Owner: postgres
--

ALTER TABLE ONLY public.itens_pedido
    ADD CONSTRAINT fkhvw0jasnyjbtornu1481yyalw FOREIGN KEY (peca_id) REFERENCES public.pecas(id);


--
-- TOC entry 5097 (class 2606 OID 23297)
-- Name: itens_venda fki3oq8st9xcf862fpo7ghlshqx; Type: FK CONSTRAINT; Schema: public; Owner: postgres
--

ALTER TABLE ONLY public.itens_venda
    ADD CONSTRAINT fki3oq8st9xcf862fpo7ghlshqx FOREIGN KEY (produto_id) REFERENCES public.produtos(id);


--
-- TOC entry 5081 (class 2606 OID 23145)
-- Name: ordem_pecas fkiownx8pf9xldtf83rr8qu3itg; Type: FK CONSTRAINT; Schema: public; Owner: postgres
--

ALTER TABLE ONLY public.ordem_pecas
    ADD CONSTRAINT fkiownx8pf9xldtf83rr8qu3itg FOREIGN KEY (ordem_id) REFERENCES public.ordens_servico(id);


--
-- TOC entry 5091 (class 2606 OID 23195)
-- Name: produtos fkje6bg3cu81l0e4nfprc0c7wwc; Type: FK CONSTRAINT; Schema: public; Owner: postgres
--

ALTER TABLE ONLY public.produtos
    ADD CONSTRAINT fkje6bg3cu81l0e4nfprc0c7wwc FOREIGN KEY (fornecedor_id) REFERENCES public.fornecedores(id);


--
-- TOC entry 5069 (class 2606 OID 23090)
-- Name: fornecedor_pecas fkjs14hvmm6nb9ywl5nk92jt18k; Type: FK CONSTRAINT; Schema: public; Owner: postgres
--

ALTER TABLE ONLY public.fornecedor_pecas
    ADD CONSTRAINT fkjs14hvmm6nb9ywl5nk92jt18k FOREIGN KEY (fornecedor_id) REFERENCES public.fornecedores(id);


--
-- TOC entry 5104 (class 2606 OID 23302)
-- Name: pedidos_compra fkk4yf5rfv0wxv7m72t3r2k8qvh; Type: FK CONSTRAINT; Schema: public; Owner: postgres
--

ALTER TABLE ONLY public.pedidos_compra
    ADD CONSTRAINT fkk4yf5rfv0wxv7m72t3r2k8qvh FOREIGN KEY (usuario_id) REFERENCES public.funcionarios(id);


--
-- TOC entry 5088 (class 2606 OID 23180)
-- Name: pedidos fklcb551nj8r9hn8ji6p5ccj4tk; Type: FK CONSTRAINT; Schema: public; Owner: postgres
--

ALTER TABLE ONLY public.pedidos
    ADD CONSTRAINT fklcb551nj8r9hn8ji6p5ccj4tk FOREIGN KEY (fornecedor_id) REFERENCES public.fornecedores(id);


--
-- TOC entry 5068 (class 2606 OID 23080)
-- Name: contas_a_receber fkmsrd93wmhudvwmkd89amfkxyl; Type: FK CONSTRAINT; Schema: public; Owner: postgres
--

ALTER TABLE ONLY public.contas_a_receber
    ADD CONSTRAINT fkmsrd93wmhudvwmkd89amfkxyl FOREIGN KEY (cliente_id) REFERENCES public.clientes(id);


--
-- TOC entry 5085 (class 2606 OID 23165)
-- Name: ordens_servico fknfu9gq7qftv3mtr684pvswtr; Type: FK CONSTRAINT; Schema: public; Owner: postgres
--

ALTER TABLE ONLY public.ordens_servico
    ADD CONSTRAINT fknfu9gq7qftv3mtr684pvswtr FOREIGN KEY (servico_id) REFERENCES public.servicos(id);


--
-- TOC entry 5093 (class 2606 OID 23205)
-- Name: servico_peca fknmfw2ge4wtxff8us4iyx8s64i; Type: FK CONSTRAINT; Schema: public; Owner: postgres
--

ALTER TABLE ONLY public.servico_peca
    ADD CONSTRAINT fknmfw2ge4wtxff8us4iyx8s64i FOREIGN KEY (servico_id) REFERENCES public.servicos(id);


--
-- TOC entry 5106 (class 2606 OID 23307)
-- Name: venda_produtos fknvw7fb4s0g6vke7q3mh53wus6; Type: FK CONSTRAINT; Schema: public; Owner: postgres
--

ALTER TABLE ONLY public.venda_produtos
    ADD CONSTRAINT fknvw7fb4s0g6vke7q3mh53wus6 FOREIGN KEY (venda_id) REFERENCES public.vendas(id);


--
-- TOC entry 5070 (class 2606 OID 23085)
-- Name: fornecedor_pecas fkp9s0c09cis229o12smbf6u1w3; Type: FK CONSTRAINT; Schema: public; Owner: postgres
--

ALTER TABLE ONLY public.fornecedor_pecas
    ADD CONSTRAINT fkp9s0c09cis229o12smbf6u1w3 FOREIGN KEY (peca_id) REFERENCES public.pecas(id);


--
-- TOC entry 5089 (class 2606 OID 23185)
-- Name: pedidos fkr1kmujn198gq9w3q3vj4osiav; Type: FK CONSTRAINT; Schema: public; Owner: postgres
--

ALTER TABLE ONLY public.pedidos
    ADD CONSTRAINT fkr1kmujn198gq9w3q3vj4osiav FOREIGN KEY (funcionario_id) REFERENCES public.funcionarios(id);


--
-- TOC entry 5073 (class 2606 OID 23105)
-- Name: item_venda fkrbpnox6kf8dxe6iue2crdmghg; Type: FK CONSTRAINT; Schema: public; Owner: postgres
--

ALTER TABLE ONLY public.item_venda
    ADD CONSTRAINT fkrbpnox6kf8dxe6iue2crdmghg FOREIGN KEY (produto_id) REFERENCES public.produtos(id);


--
-- TOC entry 5066 (class 2606 OID 23070)
-- Name: aparelhos fkrslsm6rf8x84uygcpd9iopoko; Type: FK CONSTRAINT; Schema: public; Owner: postgres
--

ALTER TABLE ONLY public.aparelhos
    ADD CONSTRAINT fkrslsm6rf8x84uygcpd9iopoko FOREIGN KEY (modelo_id) REFERENCES public.modelos(id);


--
-- TOC entry 5074 (class 2606 OID 23110)
-- Name: item_venda fksovcit68j4y196aejccea6app; Type: FK CONSTRAINT; Schema: public; Owner: postgres
--

ALTER TABLE ONLY public.item_venda
    ADD CONSTRAINT fksovcit68j4y196aejccea6app FOREIGN KEY (venda_id) REFERENCES public.vendas(id);


--
-- TOC entry 5087 (class 2606 OID 23170)
-- Name: pecas fktm1h186fysqpd719m6mkudgmg; Type: FK CONSTRAINT; Schema: public; Owner: postgres
--

ALTER TABLE ONLY public.pecas
    ADD CONSTRAINT fktm1h186fysqpd719m6mkudgmg FOREIGN KEY (categoria_pecas_id) REFERENCES public.categoria_pecas(id);


--
-- TOC entry 5077 (class 2606 OID 23125)
-- Name: itens_pedido fkxytdlekpdaobqphujy9bmuhl; Type: FK CONSTRAINT; Schema: public; Owner: postgres
--

ALTER TABLE ONLY public.itens_pedido
    ADD CONSTRAINT fkxytdlekpdaobqphujy9bmuhl FOREIGN KEY (produto_id) REFERENCES public.produtos(id);


-- Completed on 2026-03-09 14:21:46

--
-- PostgreSQL database dump complete
--

\unrestrict vGXqlPPDh2ks6734vug3fVJdMYbENueXffLtaVoXflFfxRtfenVl8QhTi3Cfbuz

