--
-- PostgreSQL database dump
--

\restrict lWjOMZdBkZkNfuFTlrTU36olXVCsUTkloUaiuRobFhGDzgfkQZQGeYNJ1B2Kdxw

-- Dumped from database version 18.2
-- Dumped by pg_dump version 18.2

-- Started on 2026-02-27 17:50:51

SET statement_timeout = 0;
SET lock_timeout = 0;
SET idle_in_transaction_session_timeout = 0;
SET transaction_timeout = 0;
SET client_encoding = 'UTF8';
SET standard_conforming_strings = on;
SELECT pg_catalog.set_config('search_path', '', false);
SET check_function_bodies = false;
SET xmloption = content;
SET client_min_messages = warning;
SET row_security = off;

SET default_tablespace = '';

SET default_table_access_method = heap;

--
-- TOC entry 219 (class 1259 OID 17204)
-- Name: aparelhos; Type: TABLE; Schema: public; Owner: postgres
--

CREATE TABLE public.aparelhos (
    id bigint NOT NULL,
    ativo boolean NOT NULL,
    numero_serie character varying(255) NOT NULL,
    observacoes character varying(255) NOT NULL,
    cliente_id bigint NOT NULL,
    modelo_id bigint NOT NULL
);


ALTER TABLE public.aparelhos OWNER TO postgres;

--
-- TOC entry 220 (class 1259 OID 17215)
-- Name: aparelhos_id_seq; Type: SEQUENCE; Schema: public; Owner: postgres
--

ALTER TABLE public.aparelhos ALTER COLUMN id ADD GENERATED BY DEFAULT AS IDENTITY (
    SEQUENCE NAME public.aparelhos_id_seq
    START WITH 1
    INCREMENT BY 1
    NO MINVALUE
    NO MAXVALUE
    CACHE 1
);


--
-- TOC entry 221 (class 1259 OID 17216)
-- Name: categoria_pecas; Type: TABLE; Schema: public; Owner: postgres
--

CREATE TABLE public.categoria_pecas (
    id bigint NOT NULL,
    ativo boolean,
    tipo character varying(255)
);


ALTER TABLE public.categoria_pecas OWNER TO postgres;

--
-- TOC entry 222 (class 1259 OID 17220)
-- Name: categoria_pecas_id_seq; Type: SEQUENCE; Schema: public; Owner: postgres
--

ALTER TABLE public.categoria_pecas ALTER COLUMN id ADD GENERATED BY DEFAULT AS IDENTITY (
    SEQUENCE NAME public.categoria_pecas_id_seq
    START WITH 1
    INCREMENT BY 1
    NO MINVALUE
    NO MAXVALUE
    CACHE 1
);


--
-- TOC entry 223 (class 1259 OID 17221)
-- Name: categorias; Type: TABLE; Schema: public; Owner: postgres
--

CREATE TABLE public.categorias (
    id bigint NOT NULL,
    ativo boolean,
    tipo character varying(255)
);


ALTER TABLE public.categorias OWNER TO postgres;

--
-- TOC entry 224 (class 1259 OID 17225)
-- Name: categorias_id_seq; Type: SEQUENCE; Schema: public; Owner: postgres
--

ALTER TABLE public.categorias ALTER COLUMN id ADD GENERATED BY DEFAULT AS IDENTITY (
    SEQUENCE NAME public.categorias_id_seq
    START WITH 1
    INCREMENT BY 1
    NO MINVALUE
    NO MAXVALUE
    CACHE 1
);


--
-- TOC entry 225 (class 1259 OID 17226)
-- Name: clientes; Type: TABLE; Schema: public; Owner: postgres
--

CREATE TABLE public.clientes (
    id bigint NOT NULL,
    ativo boolean,
    bairro character varying(255),
    cep character varying(9),
    cidade character varying(255),
    cpf character varying(14) NOT NULL,
    email character varying(100) NOT NULL,
    estado character varying(2),
    logradouro character varying(255),
    nome character varying(150) NOT NULL,
    numero character varying(255),
    telefone character varying(20)
);


ALTER TABLE public.clientes OWNER TO postgres;

--
-- TOC entry 226 (class 1259 OID 17235)
-- Name: clientes_id_seq; Type: SEQUENCE; Schema: public; Owner: postgres
--

ALTER TABLE public.clientes ALTER COLUMN id ADD GENERATED BY DEFAULT AS IDENTITY (
    SEQUENCE NAME public.clientes_id_seq
    START WITH 1
    INCREMENT BY 1
    NO MINVALUE
    NO MAXVALUE
    CACHE 1
);


--
-- TOC entry 227 (class 1259 OID 17236)
-- Name: fornecedor_pecas; Type: TABLE; Schema: public; Owner: postgres
--

CREATE TABLE public.fornecedor_pecas (
    fornecedor_id bigint NOT NULL,
    peca_id bigint NOT NULL
);


ALTER TABLE public.fornecedor_pecas OWNER TO postgres;

--
-- TOC entry 228 (class 1259 OID 17241)
-- Name: fornecedor_produtos; Type: TABLE; Schema: public; Owner: postgres
--

CREATE TABLE public.fornecedor_produtos (
    fornecedor_id bigint NOT NULL,
    produto_id bigint NOT NULL
);


ALTER TABLE public.fornecedor_produtos OWNER TO postgres;

--
-- TOC entry 229 (class 1259 OID 17246)
-- Name: fornecedores; Type: TABLE; Schema: public; Owner: postgres
--

CREATE TABLE public.fornecedores (
    id bigint NOT NULL,
    ativo boolean NOT NULL,
    bairro character varying(255),
    cep character varying(9),
    cidade character varying(255),
    cnpj character varying(18) NOT NULL,
    email character varying(255) NOT NULL,
    estado character varying(255),
    logradouro character varying(255),
    nome_fantasia character varying(150) NOT NULL,
    numero character varying(255),
    razao_social character varying(150) NOT NULL,
    telefone character varying(15),
    tipo character varying(255)
);


ALTER TABLE public.fornecedores OWNER TO postgres;

--
-- TOC entry 230 (class 1259 OID 17257)
-- Name: fornecedores_id_seq; Type: SEQUENCE; Schema: public; Owner: postgres
--

ALTER TABLE public.fornecedores ALTER COLUMN id ADD GENERATED BY DEFAULT AS IDENTITY (
    SEQUENCE NAME public.fornecedores_id_seq
    START WITH 1
    INCREMENT BY 1
    NO MINVALUE
    NO MAXVALUE
    CACHE 1
);


--
-- TOC entry 231 (class 1259 OID 17258)
-- Name: funcionarios; Type: TABLE; Schema: public; Owner: postgres
--

CREATE TABLE public.funcionarios (
    id bigint NOT NULL,
    ativo boolean NOT NULL,
    bairro character varying(255),
    cargo character varying(255) NOT NULL,
    cep character varying(9),
    cidade character varying(255),
    cpf character varying(14) NOT NULL,
    data_admissao date,
    email character varying(255) NOT NULL,
    estado character varying(255),
    logradouro character varying(255),
    nome character varying(150) NOT NULL,
    numero character varying(255),
    telefone character varying(15)
);


ALTER TABLE public.funcionarios OWNER TO postgres;

--
-- TOC entry 232 (class 1259 OID 17269)
-- Name: funcionarios_id_seq; Type: SEQUENCE; Schema: public; Owner: postgres
--

ALTER TABLE public.funcionarios ALTER COLUMN id ADD GENERATED BY DEFAULT AS IDENTITY (
    SEQUENCE NAME public.funcionarios_id_seq
    START WITH 1
    INCREMENT BY 1
    NO MINVALUE
    NO MAXVALUE
    CACHE 1
);


--
-- TOC entry 265 (class 1259 OID 17677)
-- Name: item_venda; Type: TABLE; Schema: public; Owner: postgres
--

CREATE TABLE public.item_venda (
    id bigint NOT NULL,
    preco_unitario numeric(38,2),
    quantidade integer,
    produto_id bigint,
    venda_id bigint
);


ALTER TABLE public.item_venda OWNER TO postgres;

--
-- TOC entry 264 (class 1259 OID 17676)
-- Name: item_venda_id_seq; Type: SEQUENCE; Schema: public; Owner: postgres
--

ALTER TABLE public.item_venda ALTER COLUMN id ADD GENERATED BY DEFAULT AS IDENTITY (
    SEQUENCE NAME public.item_venda_id_seq
    START WITH 1
    INCREMENT BY 1
    NO MINVALUE
    NO MAXVALUE
    CACHE 1
);


--
-- TOC entry 233 (class 1259 OID 17270)
-- Name: itens_pedido; Type: TABLE; Schema: public; Owner: postgres
--

CREATE TABLE public.itens_pedido (
    id bigint NOT NULL,
    item_id bigint NOT NULL,
    preco_unitario numeric(38,2),
    quantidade integer,
    tipo_item character varying(255) NOT NULL,
    peca_id bigint,
    pedido_id bigint NOT NULL,
    produto_id bigint
);


ALTER TABLE public.itens_pedido OWNER TO postgres;

--
-- TOC entry 234 (class 1259 OID 17277)
-- Name: itens_pedido_id_seq; Type: SEQUENCE; Schema: public; Owner: postgres
--

ALTER TABLE public.itens_pedido ALTER COLUMN id ADD GENERATED BY DEFAULT AS IDENTITY (
    SEQUENCE NAME public.itens_pedido_id_seq
    START WITH 1
    INCREMENT BY 1
    NO MINVALUE
    NO MAXVALUE
    CACHE 1
);


--
-- TOC entry 263 (class 1259 OID 17659)
-- Name: itens_venda; Type: TABLE; Schema: public; Owner: postgres
--

CREATE TABLE public.itens_venda (
    id bigint NOT NULL,
    preco_unitario numeric(38,2),
    quantidade integer,
    subtotal numeric(10,2),
    produto_id bigint,
    venda_id bigint NOT NULL
);


ALTER TABLE public.itens_venda OWNER TO postgres;

--
-- TOC entry 262 (class 1259 OID 17658)
-- Name: itens_venda_id_seq; Type: SEQUENCE; Schema: public; Owner: postgres
--

ALTER TABLE public.itens_venda ALTER COLUMN id ADD GENERATED BY DEFAULT AS IDENTITY (
    SEQUENCE NAME public.itens_venda_id_seq
    START WITH 1
    INCREMENT BY 1
    NO MINVALUE
    NO MAXVALUE
    CACHE 1
);


--
-- TOC entry 235 (class 1259 OID 17278)
-- Name: marcas; Type: TABLE; Schema: public; Owner: postgres
--

CREATE TABLE public.marcas (
    id bigint NOT NULL,
    nome character varying(255) NOT NULL
);


ALTER TABLE public.marcas OWNER TO postgres;

--
-- TOC entry 236 (class 1259 OID 17283)
-- Name: marcas_id_seq; Type: SEQUENCE; Schema: public; Owner: postgres
--

ALTER TABLE public.marcas ALTER COLUMN id ADD GENERATED BY DEFAULT AS IDENTITY (
    SEQUENCE NAME public.marcas_id_seq
    START WITH 1
    INCREMENT BY 1
    NO MINVALUE
    NO MAXVALUE
    CACHE 1
);


--
-- TOC entry 237 (class 1259 OID 17284)
-- Name: modelos; Type: TABLE; Schema: public; Owner: postgres
--

CREATE TABLE public.modelos (
    id bigint NOT NULL,
    ativo boolean NOT NULL,
    nome character varying(255) NOT NULL,
    marca_id bigint NOT NULL
);


ALTER TABLE public.modelos OWNER TO postgres;

--
-- TOC entry 238 (class 1259 OID 17291)
-- Name: modelos_id_seq; Type: SEQUENCE; Schema: public; Owner: postgres
--

ALTER TABLE public.modelos ALTER COLUMN id ADD GENERATED BY DEFAULT AS IDENTITY (
    SEQUENCE NAME public.modelos_id_seq
    START WITH 1
    INCREMENT BY 1
    NO MINVALUE
    NO MAXVALUE
    CACHE 1
);


--
-- TOC entry 239 (class 1259 OID 17292)
-- Name: notificacao; Type: TABLE; Schema: public; Owner: postgres
--

CREATE TABLE public.notificacao (
    id bigint NOT NULL,
    data_criacao timestamp(6) without time zone NOT NULL,
    lida boolean NOT NULL,
    mensagem character varying(255) NOT NULL,
    tipo character varying(255) NOT NULL,
    pedido_id bigint NOT NULL
);


ALTER TABLE public.notificacao OWNER TO postgres;

--
-- TOC entry 240 (class 1259 OID 17303)
-- Name: notificacao_id_seq; Type: SEQUENCE; Schema: public; Owner: postgres
--

ALTER TABLE public.notificacao ALTER COLUMN id ADD GENERATED BY DEFAULT AS IDENTITY (
    SEQUENCE NAME public.notificacao_id_seq
    START WITH 1
    INCREMENT BY 1
    NO MINVALUE
    NO MAXVALUE
    CACHE 1
);


--
-- TOC entry 241 (class 1259 OID 17304)
-- Name: ordem_peca; Type: TABLE; Schema: public; Owner: postgres
--

CREATE TABLE public.ordem_peca (
    ordem_id bigint NOT NULL,
    peca_id bigint NOT NULL
);


ALTER TABLE public.ordem_peca OWNER TO postgres;

--
-- TOC entry 242 (class 1259 OID 17309)
-- Name: ordem_pecas; Type: TABLE; Schema: public; Owner: postgres
--

CREATE TABLE public.ordem_pecas (
    ordem_id bigint NOT NULL,
    peca_id bigint NOT NULL
);


ALTER TABLE public.ordem_pecas OWNER TO postgres;

--
-- TOC entry 243 (class 1259 OID 17314)
-- Name: ordem_servico_pecas; Type: TABLE; Schema: public; Owner: postgres
--

CREATE TABLE public.ordem_servico_pecas (
    ordem_servico_id bigint NOT NULL,
    peca_id bigint NOT NULL
);


ALTER TABLE public.ordem_servico_pecas OWNER TO postgres;

--
-- TOC entry 244 (class 1259 OID 17319)
-- Name: ordens_servico; Type: TABLE; Schema: public; Owner: postgres
--

CREATE TABLE public.ordens_servico (
    id bigint NOT NULL,
    data_entrada timestamp(6) without time zone NOT NULL,
    defeito text NOT NULL,
    status character varying(255) NOT NULL,
    valor_total numeric(10,2),
    aparelho_id bigint NOT NULL,
    cliente_id bigint NOT NULL,
    funcionario_id bigint NOT NULL,
    senha_dispositivo character varying(255),
    estado_conservacao character varying(255),
    data_previsao date,
    servico_id bigint NOT NULL,
    valor_servico numeric(10,2),
    data_saida timestamp(6) without time zone,
    motivo_desconto character varying(255),
    porcentagem_desconto integer
);


ALTER TABLE public.ordens_servico OWNER TO postgres;

--
-- TOC entry 245 (class 1259 OID 17332)
-- Name: ordens_servico_id_seq; Type: SEQUENCE; Schema: public; Owner: postgres
--

ALTER TABLE public.ordens_servico ALTER COLUMN id ADD GENERATED BY DEFAULT AS IDENTITY (
    SEQUENCE NAME public.ordens_servico_id_seq
    START WITH 1
    INCREMENT BY 1
    NO MINVALUE
    NO MAXVALUE
    CACHE 1
);


--
-- TOC entry 246 (class 1259 OID 17333)
-- Name: pecas; Type: TABLE; Schema: public; Owner: postgres
--

CREATE TABLE public.pecas (
    id bigint NOT NULL,
    ativo boolean NOT NULL,
    codigo_barras character varying(50),
    nome character varying(100) NOT NULL,
    preco_compra numeric(10,2),
    preco_venda numeric(10,2),
    estoque_atual integer NOT NULL,
    quantidade_minima integer,
    categoria_id bigint,
    fornecedor_id bigint,
    categoria_pecas_id bigint
);


ALTER TABLE public.pecas OWNER TO postgres;

--
-- TOC entry 247 (class 1259 OID 17340)
-- Name: pecas_id_seq; Type: SEQUENCE; Schema: public; Owner: postgres
--

ALTER TABLE public.pecas ALTER COLUMN id ADD GENERATED BY DEFAULT AS IDENTITY (
    SEQUENCE NAME public.pecas_id_seq
    START WITH 1
    INCREMENT BY 1
    NO MINVALUE
    NO MAXVALUE
    CACHE 1
);


--
-- TOC entry 248 (class 1259 OID 17341)
-- Name: pedidos; Type: TABLE; Schema: public; Owner: postgres
--

CREATE TABLE public.pedidos (
    id bigint NOT NULL,
    codigo character varying(255) NOT NULL,
    data_pedido date,
    observacoes text,
    status character varying(255),
    tipo_pedido character varying(50),
    valor_total numeric(38,2),
    fornecedor_id bigint NOT NULL,
    funcionario_id bigint,
    CONSTRAINT pedidos_status_check CHECK (((status)::text = ANY (ARRAY[('PENDENTE'::character varying)::text, ('CONFIRMADO'::character varying)::text, ('RECEBIDO'::character varying)::text, ('CANCELADO'::character varying)::text])))
);


ALTER TABLE public.pedidos OWNER TO postgres;

--
-- TOC entry 249 (class 1259 OID 17350)
-- Name: pedidos_compra; Type: TABLE; Schema: public; Owner: postgres
--

CREATE TABLE public.pedidos_compra (
    id bigint NOT NULL,
    codigo character varying(255) NOT NULL,
    data_pedido date,
    data_previsao_entrega date,
    observacoes text,
    status character varying(255),
    valor_frete numeric(38,2),
    valor_subtotal numeric(38,2),
    valor_total numeric(38,2),
    fornecedor_id bigint NOT NULL,
    usuario_id bigint,
    funcionario_id bigint,
    CONSTRAINT pedidos_compra_status_check CHECK (((status)::text = ANY (ARRAY[('RASCUNHO'::character varying)::text, ('CONFIRMADO'::character varying)::text, ('RECEBIDO'::character varying)::text, ('CANCELADO'::character varying)::text])))
);


ALTER TABLE public.pedidos_compra OWNER TO postgres;

--
-- TOC entry 250 (class 1259 OID 17359)
-- Name: pedidos_compra_id_seq; Type: SEQUENCE; Schema: public; Owner: postgres
--

ALTER TABLE public.pedidos_compra ALTER COLUMN id ADD GENERATED BY DEFAULT AS IDENTITY (
    SEQUENCE NAME public.pedidos_compra_id_seq
    START WITH 1
    INCREMENT BY 1
    NO MINVALUE
    NO MAXVALUE
    CACHE 1
);


--
-- TOC entry 251 (class 1259 OID 17360)
-- Name: pedidos_id_seq; Type: SEQUENCE; Schema: public; Owner: postgres
--

ALTER TABLE public.pedidos ALTER COLUMN id ADD GENERATED BY DEFAULT AS IDENTITY (
    SEQUENCE NAME public.pedidos_id_seq
    START WITH 1
    INCREMENT BY 1
    NO MINVALUE
    NO MAXVALUE
    CACHE 1
);


--
-- TOC entry 252 (class 1259 OID 17361)
-- Name: produtos; Type: TABLE; Schema: public; Owner: postgres
--

CREATE TABLE public.produtos (
    id bigint NOT NULL,
    ativo boolean NOT NULL,
    codigo_barras character varying(255) NOT NULL,
    nome character varying(100) NOT NULL,
    preco_compra numeric(38,2) NOT NULL,
    preco_venda numeric(38,2) NOT NULL,
    quantidade integer NOT NULL,
    quantidade_minima integer,
    categoria_id bigint NOT NULL,
    fornecedor_id bigint
);


ALTER TABLE public.produtos OWNER TO postgres;

--
-- TOC entry 253 (class 1259 OID 17372)
-- Name: produtos_id_seq; Type: SEQUENCE; Schema: public; Owner: postgres
--

ALTER TABLE public.produtos ALTER COLUMN id ADD GENERATED BY DEFAULT AS IDENTITY (
    SEQUENCE NAME public.produtos_id_seq
    START WITH 1
    INCREMENT BY 1
    NO MINVALUE
    NO MAXVALUE
    CACHE 1
);


--
-- TOC entry 254 (class 1259 OID 17373)
-- Name: servico_peca; Type: TABLE; Schema: public; Owner: postgres
--

CREATE TABLE public.servico_peca (
    servico_id bigint NOT NULL,
    peca_id bigint NOT NULL
);


ALTER TABLE public.servico_peca OWNER TO postgres;

--
-- TOC entry 255 (class 1259 OID 17378)
-- Name: servicos; Type: TABLE; Schema: public; Owner: postgres
--

CREATE TABLE public.servicos (
    id bigint NOT NULL,
    ativo boolean NOT NULL,
    nome character varying(255) NOT NULL,
    valor_base numeric(38,2) NOT NULL
);


ALTER TABLE public.servicos OWNER TO postgres;

--
-- TOC entry 256 (class 1259 OID 17385)
-- Name: servicos_id_seq; Type: SEQUENCE; Schema: public; Owner: postgres
--

ALTER TABLE public.servicos ALTER COLUMN id ADD GENERATED BY DEFAULT AS IDENTITY (
    SEQUENCE NAME public.servicos_id_seq
    START WITH 1
    INCREMENT BY 1
    NO MINVALUE
    NO MAXVALUE
    CACHE 1
);


--
-- TOC entry 257 (class 1259 OID 17386)
-- Name: usuarios; Type: TABLE; Schema: public; Owner: postgres
--

CREATE TABLE public.usuarios (
    id bigint NOT NULL,
    ativo boolean NOT NULL,
    cargo character varying(255) NOT NULL,
    cpf character varying(14) NOT NULL,
    data_cadastro timestamp(6) without time zone,
    nome character varying(255) NOT NULL,
    senha character varying(255) NOT NULL,
    CONSTRAINT usuarios_cargo_check CHECK (((cargo)::text = ANY (ARRAY[('ADMIN'::character varying)::text, ('TECNICO'::character varying)::text, ('VENDEDOR'::character varying)::text, ('GERENTE'::character varying)::text])))
);


ALTER TABLE public.usuarios OWNER TO postgres;

--
-- TOC entry 258 (class 1259 OID 17398)
-- Name: usuarios_id_seq; Type: SEQUENCE; Schema: public; Owner: postgres
--

ALTER TABLE public.usuarios ALTER COLUMN id ADD GENERATED BY DEFAULT AS IDENTITY (
    SEQUENCE NAME public.usuarios_id_seq
    START WITH 1
    INCREMENT BY 1
    NO MINVALUE
    NO MAXVALUE
    CACHE 1
);


--
-- TOC entry 261 (class 1259 OID 17622)
-- Name: venda_produtos; Type: TABLE; Schema: public; Owner: postgres
--

CREATE TABLE public.venda_produtos (
    venda_id bigint NOT NULL,
    produto_id bigint NOT NULL
);


ALTER TABLE public.venda_produtos OWNER TO postgres;

--
-- TOC entry 260 (class 1259 OID 17616)
-- Name: vendas; Type: TABLE; Schema: public; Owner: postgres
--

CREATE TABLE public.vendas (
    id bigint NOT NULL,
    codigo character varying(255) NOT NULL,
    data_venda date NOT NULL,
    forma_pagamento character varying(255) NOT NULL,
    motivo_desconto character varying(255),
    porcentagem_desconto numeric(5,2),
    status character varying(255) NOT NULL,
    valor_bruto numeric(10,2),
    valor_total numeric(10,2),
    cliente_id bigint NOT NULL,
    funcionario_id bigint NOT NULL,
    condicao_pagamento character varying(255),
    numero_parcelas integer,
    CONSTRAINT vendas_condicao_pagamento_check CHECK (((condicao_pagamento)::text = ANY ((ARRAY['AVISTA'::character varying, 'PARCELADO'::character varying])::text[]))),
    CONSTRAINT vendas_status_check CHECK (((status)::text = ANY ((ARRAY['PENDENTE'::character varying, 'CONCLUIDA'::character varying, 'CANCELADA'::character varying])::text[])))
);


ALTER TABLE public.vendas OWNER TO postgres;

--
-- TOC entry 259 (class 1259 OID 17615)
-- Name: vendas_id_seq; Type: SEQUENCE; Schema: public; Owner: postgres
--

ALTER TABLE public.vendas ALTER COLUMN id ADD GENERATED BY DEFAULT AS IDENTITY (
    SEQUENCE NAME public.vendas_id_seq
    START WITH 1
    INCREMENT BY 1
    NO MINVALUE
    NO MAXVALUE
    CACHE 1
);


--
-- TOC entry 5230 (class 0 OID 17204)
-- Dependencies: 219
-- Data for Name: aparelhos; Type: TABLE DATA; Schema: public; Owner: postgres
--

COPY public.aparelhos (id, ativo, numero_serie, observacoes, cliente_id, modelo_id) FROM stdin;
1	t	SN8117450861085	Saúde da bateria original em 79%	4	1
2	t	SN8117871805704		2	2
3	t	SN8111896418956	a	5	3
4	t	SN7656325916951	Saúde da bateria em 87%	6	4
\.


--
-- TOC entry 5232 (class 0 OID 17216)
-- Dependencies: 221
-- Data for Name: categoria_pecas; Type: TABLE DATA; Schema: public; Owner: postgres
--

COPY public.categoria_pecas (id, ativo, tipo) FROM stdin;
1	t	Telas e Displays
2	t	Baterias
3	t	Conectores de Carga
4	t	Componentes Internos (Câmeras, Flex, etc)
5	t	Acessórios e Películas
6	t	Telas e Displays
7	t	Baterias
8	t	Conectores de Carga
9	t	Câmeras e Sensores
10	t	Carcaças e Tampas Traseiras
11	t	Cabos Flex e Botões
12	t	Alto-falantes e Microfones
13	t	Placas e CIs
\.


--
-- TOC entry 5234 (class 0 OID 17221)
-- Dependencies: 223
-- Data for Name: categorias; Type: TABLE DATA; Schema: public; Owner: postgres
--

COPY public.categorias (id, ativo, tipo) FROM stdin;
1	t	Acessórios
2	t	Carregadores
3	t	Películas
4	t	Capas/Cases
5	t	Periféricos
6	t	Insumos de Limpeza
\.


--
-- TOC entry 5236 (class 0 OID 17226)
-- Dependencies: 225
-- Data for Name: clientes; Type: TABLE DATA; Schema: public; Owner: postgres
--

COPY public.clientes (id, ativo, bairro, cep, cidade, cpf, email, estado, logradouro, nome, numero, telefone) FROM stdin;
2	t	Centro	20040-000	Rio de Janeiro	222.333.444-55	carlos.eduardo@email.com	RJ	Avenida Rio Branco	Carlos Eduardo Souza	500	(21) 98777-2222
4	t	Centro	80020-000	Curitiba	444.555.666-77	joao.santos@email.com	PR	Rua XV de Novembro	João Paulo Santos	250	(41) 99555-4444
5	t	Praia de Belas	90010-000	Porto Alegre	555.666.777-88	fernanda.lima@email.com	RS	Avenida Ipiranga	Fernanda Lima Alves	50	(51) 99444-5555
1	f	Centro	01001-000	São Paulo	111.222.333-44	ana.pereira@email.com	SP	Rua das Flores	Ana Pereira da Silva	123	(11) 99888-1111
3	f	Savassi	30160-010	Belo Horizonte	333.444.555-66	mari.costa@email.com	MG	Rua da Bahia	Mariana Oliveira Costa	1000	(31) 99666-3333
6	t	Uberaba	81570-340	Curitiba	127.654.916-59	bruno@gmail.com	PR	Rua Simão Brante	Bruno Tesser	425	(52) 43861-2487
\.


--
-- TOC entry 5238 (class 0 OID 17236)
-- Dependencies: 227
-- Data for Name: fornecedor_pecas; Type: TABLE DATA; Schema: public; Owner: postgres
--

COPY public.fornecedor_pecas (fornecedor_id, peca_id) FROM stdin;
2	3
1	2
1	3
2	7
2	4
2	2
2	6
2	5
\.


--
-- TOC entry 5239 (class 0 OID 17241)
-- Dependencies: 228
-- Data for Name: fornecedor_produtos; Type: TABLE DATA; Schema: public; Owner: postgres
--

COPY public.fornecedor_produtos (fornecedor_id, produto_id) FROM stdin;
3	4
3	3
3	5
3	1
3	8
\.


--
-- TOC entry 5240 (class 0 OID 17246)
-- Dependencies: 229
-- Data for Name: fornecedores; Type: TABLE DATA; Schema: public; Owner: postgres
--

COPY public.fornecedores (id, ativo, bairro, cep, cidade, cnpj, email, estado, logradouro, nome_fantasia, numero, razao_social, telefone, tipo) FROM stdin;
1	t	Santa Ifigênia	01202-001	São Paulo	12.345.678/0001-90	vplgugs@gmail.com	SP	Rua Santa Ifigênia	Global Displays	150	Global Distribuidora de Eletrônicos Ltda	(11) 33334-444	PECA
2	t	Centro	20000-000	Rio de Janeiro	98.765.432/0001-10	erthalgu215@gmail.com	RJ	Avenida Rio Branco	Componentes Express	1200	Comercial de Componentes Express S.A.	(21) 22225-555	PECA
4	t	Savassi	30100-000	Belo Horizonte	10.101.010/0001-55	sac@ferramentasecia.com	MG	Avenida Afonso Pena	Ferramentas & Cia	850	F&C Importação de Ferramentas Ltda	(31) 32229-999	PRODUTO
5	t	Centro Histórico	90000-000	Porto Alegre	50.505.505/0001-88	comercial@powerbaterias.com	RS	Rua da Praia	Power Baterias	500	Energy Solutions Comércio Eireli	(51) 33447-777	PECA
3	t	Centro	80000-000	Curitiba	45.678.901/0001-23	brunotesser2019@gmail.com	PR	Rua 24 de Maio	Brunin Cell Parts Original	300	CP Distribuição e Logística Ltda	(41) 30301-010	PRODUTO
\.


--
-- TOC entry 5242 (class 0 OID 17258)
-- Dependencies: 231
-- Data for Name: funcionarios; Type: TABLE DATA; Schema: public; Owner: postgres
--

COPY public.funcionarios (id, ativo, bairro, cargo, cep, cidade, cpf, data_admissao, email, estado, logradouro, nome, numero, telefone) FROM stdin;
2	t	\N	TECNICO	\N	\N	123.456.789-00	2020-01-15	roberto.tecnico@circuit.com	\N	\N	Roberto Almeida	\N	(11) 91111-2222
6	t	\N	TECNICO	\N	\N	567.890.123-44	2021-08-05	marcos.placas@circuit.com	\N	\N	Marcos Oliveira	\N	(11) 95555-6666
5	t	\N	GERENTE	\N	\N	456.789.012-33	2019-11-01	juliana.gerencia@circuit.com	\N	\N	Juliana Mendes	\N	(11) 94444-5555
3	t	Uberaba	RECEPCIONISTA	81560-280	\N	234.567.890-11	2022-03-10	camila.recepcao@circuit.com	\N	Rua Agostinho Ângelo Trevisan	Camila Santos	582	(11) 92222-3333
7	t	Uberaba	VENDEDOR	81560-280	\N	139.471.969-89	2025-03-17	vplgugs@gmail.com	\N	Rua Agostinho Ângelo Trevisan	Gustavo Erthal	582	(41) 98797-0732
4	t	Uberaba	VENDEDOR	81560-280	\N	345.678.901-22	2023-06-20	lucas.auxiliar@circuit.com	\N	Rua Agostinho Ângelo Trevisan	Luciana Erthal	582	(41) 98797-0732
\.


--
-- TOC entry 5276 (class 0 OID 17677)
-- Dependencies: 265
-- Data for Name: item_venda; Type: TABLE DATA; Schema: public; Owner: postgres
--

COPY public.item_venda (id, preco_unitario, quantidade, produto_id, venda_id) FROM stdin;
1	\N	1	1	1
2	\N	1	3	1
3	\N	1	4	1
\.


--
-- TOC entry 5244 (class 0 OID 17270)
-- Dependencies: 233
-- Data for Name: itens_pedido; Type: TABLE DATA; Schema: public; Owner: postgres
--

COPY public.itens_pedido (id, item_id, preco_unitario, quantidade, tipo_item, peca_id, pedido_id, produto_id) FROM stdin;
12	2	180.00	1	PECA	2	1	\N
13	7	110.00	10	PECA	7	1	\N
24	4	3.00	10	PRODUTO	\N	3	4
25	3	2.50	15	PRODUTO	\N	3	3
26	5	8.00	4	PRODUTO	\N	3	5
27	1	25.90	2	PRODUTO	\N	3	1
28	8	18.00	1	PRODUTO	\N	3	8
29	2	180.00	1	PECA	2	4	\N
30	3	65.00	1	PECA	3	4	\N
\.


--
-- TOC entry 5274 (class 0 OID 17659)
-- Dependencies: 263
-- Data for Name: itens_venda; Type: TABLE DATA; Schema: public; Owner: postgres
--

COPY public.itens_venda (id, preco_unitario, quantidade, subtotal, produto_id, venda_id) FROM stdin;
\.


--
-- TOC entry 5246 (class 0 OID 17278)
-- Dependencies: 235
-- Data for Name: marcas; Type: TABLE DATA; Schema: public; Owner: postgres
--

COPY public.marcas (id, nome) FROM stdin;
1	Apple
2	Samsung
3	Motorola
4	Xiaomi
5	LG
6	Asus
7	Realme
8	Huawei
\.


--
-- TOC entry 5248 (class 0 OID 17284)
-- Dependencies: 237
-- Data for Name: modelos; Type: TABLE DATA; Schema: public; Owner: postgres
--

COPY public.modelos (id, ativo, nome, marca_id) FROM stdin;
3	t	Samsung A51	2
4	t	iPhone 15	1
2	t	IPhone 11 	1
1	f	IPhone 12 Pro	1
\.


--
-- TOC entry 5250 (class 0 OID 17292)
-- Dependencies: 239
-- Data for Name: notificacao; Type: TABLE DATA; Schema: public; Owner: postgres
--

COPY public.notificacao (id, data_criacao, lida, mensagem, tipo, pedido_id) FROM stdin;
1	2026-02-24 07:17:14.029849	t	O pedido PO-36FA foi recebido. Efetive para atualizar o saldo.	PECA	4
2	2026-02-24 07:18:43.151115	t	O pedido PO-CD82 foi recebido. Efetive para atualizar o saldo.	PRODUTO	3
3	2026-02-24 07:24:22.185931	t	O pedido PO-CD82 foi recebido. Efetive para atualizar o saldo.	PRODUTO	3
5	2026-02-24 14:08:15.838477	t	O pedido PO-CD82 foi recebido. Efetive para atualizar o saldo.	PRODUTO	3
4	2026-02-24 14:08:05.015543	t	O pedido PO-CD82 foi recebido. Efetive para atualizar o saldo.	PRODUTO	3
6	2026-02-24 14:40:58.757581	t	O pedido PO-CD82 foi recebido. Efetive para atualizar o saldo.	PRODUTO	3
\.


--
-- TOC entry 5252 (class 0 OID 17304)
-- Dependencies: 241
-- Data for Name: ordem_peca; Type: TABLE DATA; Schema: public; Owner: postgres
--

COPY public.ordem_peca (ordem_id, peca_id) FROM stdin;
\.


--
-- TOC entry 5253 (class 0 OID 17309)
-- Dependencies: 242
-- Data for Name: ordem_pecas; Type: TABLE DATA; Schema: public; Owner: postgres
--

COPY public.ordem_pecas (ordem_id, peca_id) FROM stdin;
\.


--
-- TOC entry 5254 (class 0 OID 17314)
-- Dependencies: 243
-- Data for Name: ordem_servico_pecas; Type: TABLE DATA; Schema: public; Owner: postgres
--

COPY public.ordem_servico_pecas (ordem_servico_id, peca_id) FROM stdin;
\.


--
-- TOC entry 5255 (class 0 OID 17319)
-- Dependencies: 244
-- Data for Name: ordens_servico; Type: TABLE DATA; Schema: public; Owner: postgres
--

COPY public.ordens_servico (id, data_entrada, defeito, status, valor_total, aparelho_id, cliente_id, funcionario_id, senha_dispositivo, estado_conservacao, data_previsao, servico_id, valor_servico, data_saida, motivo_desconto, porcentagem_desconto) FROM stdin;
6	2026-02-04 16:44:00.977953	Audio saindo com ruídos	ABERTA	155.00	3	5	7	180174125	Botão power afundado	2026-02-06	4	100.00	\N	\N	\N
2	2026-02-04 15:28:55.137807	Tela com cristal liquído vazado	FINALIZADA	464.00	1	4	7	123456	arranhoes nas laterais do aparelho	2026-02-15	2	200.00	2026-02-05 16:34:27.63075	\N	\N
7	2026-02-05 14:09:13.642415	Tampa traseira quebrada	CANCELADA	252.00	4	6	7	5614781	arranhoes nas laterais do aparelho	2026-02-06	5	300.00	\N		0
1	2026-02-04 15:17:59.773819	Tela totalmente preta	CANCELADA	470.00	2	2	6	123456	arranhoes nas laterais do aparelho	2026-02-15	3	150.00	\N	\N	\N
9	2026-02-06 16:48:42.232049	aaaaaa	CANCELADA	517.50	2	2	7	1241521513	aaaaaaaaaa	2026-02-10	6	400.00	\N		50
8	2026-02-05 16:34:04.546922	aaaaaaa	EM_REPARO	376.00	2	2	7	184189047	aaaaaaaaaa	2026-02-10	3	150.00	\N	aaaaaa	20
\.


--
-- TOC entry 5257 (class 0 OID 17333)
-- Dependencies: 246
-- Data for Name: pecas; Type: TABLE DATA; Schema: public; Owner: postgres
--

COPY public.pecas (id, ativo, codigo_barras, nome, preco_compra, preco_venda, estoque_atual, quantidade_minima, categoria_id, fornecedor_id, categoria_pecas_id) FROM stdin;
4	t	PC004	Bateria Galaxy S21 Ultra G998	85.00	190.00	8	2	\N	3	2
5	t	PC005	Conector de Carga Moto G60 Type-C	8.50	45.00	50	10	\N	1	3
6	t	PC006	Conector de Carga Samsung A32	7.00	40.00	40	10	\N	1	3
7	t	PC007	Câmera Traseira Principal iPhone 11	110.00	250.00	5	1	\N	3	4
9	t	PC009	Cabo Flex Power/Volume iPhone 11	15.00	65.00	25	5	\N	1	6
10	t	PC010	Alto-falante Auricular Galaxy A51	12.00	55.00	30	5	\N	1	7
8	t	PC008	Tampa Traseira Vidro iPhone 15	35.00	120.00	12	2	\N	3	5
1	f	PC001	Tela Frontal iPhone 11 Original China	140.00	320.00	15	3	\N	1	1
2	t	PC002	Tela Frontal iPhone 12 Incell	180.00	380.00	12	2	\N	1	1
3	t	PC003	Bateria iPhone XR (Real Capacity)	65.00	150.00	22	5	\N	3	2
\.


--
-- TOC entry 5259 (class 0 OID 17341)
-- Dependencies: 248
-- Data for Name: pedidos; Type: TABLE DATA; Schema: public; Owner: postgres
--

COPY public.pedidos (id, codigo, data_pedido, observacoes, status, tipo_pedido, valor_total, fornecedor_id, funcionario_id) FROM stdin;
3	PO-CD82	2026-02-19	Entregar somente no dia de semana	RECEBIDO	PRODUTO	169.30	3	7
1	PO-4637	2026-02-19	Entregar durante a semana	CONFIRMADO	PECA	1280.00	2	7
4	PO-36FA	2026-02-19	Entregar no dia 12 a partir das 12hrs	CONFIRMADO	PECA	245.00	1	7
\.


--
-- TOC entry 5260 (class 0 OID 17350)
-- Dependencies: 249
-- Data for Name: pedidos_compra; Type: TABLE DATA; Schema: public; Owner: postgres
--

COPY public.pedidos_compra (id, codigo, data_pedido, data_previsao_entrega, observacoes, status, valor_frete, valor_subtotal, valor_total, fornecedor_id, usuario_id, funcionario_id) FROM stdin;
\.


--
-- TOC entry 5263 (class 0 OID 17361)
-- Dependencies: 252
-- Data for Name: produtos; Type: TABLE DATA; Schema: public; Owner: postgres
--

COPY public.produtos (id, ativo, codigo_barras, nome, preco_compra, preco_venda, quantidade, quantidade_minima, categoria_id, fornecedor_id) FROM stdin;
6	f	7890006	Capa Anti-Impacto Galaxy A54	12.00	55.00	25	5	4	5
2	f	7890002	Cabo Lightning iPhone 1 metro	12.50	45.00	50	10	2	2
7	f	7890007	Fone de Ouvido Bluetooth TWS J18	45.00	149.90	15	3	1	2
5	t	7890005	Capa Silicone Transparente iPhone 13	8.00	40.00	48	5	4	5
8	t	7890008	Adaptador HDMI para Tipo-C	18.00	65.00	14	2	5	2
9	t	7890009	Power Bank 10.000mAh Slim	55.00	189.90	8	3	1	2
10	t	7890010	Kit Limpeza de Telas (Spray + Pano)	6.50	25.00	37	10	6	4
1	t	7890001	Carregador Turbo 20W Tipo-C	25.90	89.90	27	5	2	2
3	t	7890003	Película de Vidro 3D iPhone 11	2.50	25.00	172	20	3	5
4	t	7890004	Película de Vidro 3D Galaxy S23	3.00	30.00	127	15	3	5
\.


--
-- TOC entry 5265 (class 0 OID 17373)
-- Dependencies: 254
-- Data for Name: servico_peca; Type: TABLE DATA; Schema: public; Owner: postgres
--

COPY public.servico_peca (servico_id, peca_id) FROM stdin;
1	1
4	10
5	8
2	2
3	1
6	1
6	7
6	9
\.


--
-- TOC entry 5266 (class 0 OID 17378)
-- Dependencies: 255
-- Data for Name: servicos; Type: TABLE DATA; Schema: public; Owner: postgres
--

COPY public.servicos (id, ativo, nome, valor_base) FROM stdin;
1	f	Troca de Tela iphone 11	150.00
5	t	Troca do vidro do iPhone 15	300.00
2	t	Troca do flex iPhone 12	200.00
3	t	Troca de tela iPhone 11	150.00
6	t	Reparo geral iPhone 11	400.00
4	f	Troca do Auricular A51	100.00
\.


--
-- TOC entry 5268 (class 0 OID 17386)
-- Dependencies: 257
-- Data for Name: usuarios; Type: TABLE DATA; Schema: public; Owner: postgres
--

COPY public.usuarios (id, ativo, cargo, cpf, data_cadastro, nome, senha) FROM stdin;
2	t	ADMIN	139.471.969-89	2026-01-22 14:05:47.806	Gustavo Erthal	$2a$10$z8X3P52qsQ0GUEd9TCH9iu82ltS73eEawRyd3j5HmdkgFyr7Z8gKK
1	t	ADMIN	111.111.111-11	2026-01-21 16:13:52.995278	Admin	$2a$10$z8X3P52qsQ0GUEd9TCH9iu82ltS73eEawRyd3j5HmdkgFyr7Z8gKK
\.


--
-- TOC entry 5272 (class 0 OID 17622)
-- Dependencies: 261
-- Data for Name: venda_produtos; Type: TABLE DATA; Schema: public; Owner: postgres
--

COPY public.venda_produtos (venda_id, produto_id) FROM stdin;
\.


--
-- TOC entry 5271 (class 0 OID 17616)
-- Dependencies: 260
-- Data for Name: vendas; Type: TABLE DATA; Schema: public; Owner: postgres
--

COPY public.vendas (id, codigo, data_venda, forma_pagamento, motivo_desconto, porcentagem_desconto, status, valor_bruto, valor_total, cliente_id, funcionario_id, condicao_pagamento, numero_parcelas) FROM stdin;
1	VD-EEAE	2026-02-27	CARTAO_CREDITO	Cliente top	20.00	PENDENTE	144.90	115.92	4	7	PARCELADO	4
\.


--
-- TOC entry 5282 (class 0 OID 0)
-- Dependencies: 220
-- Name: aparelhos_id_seq; Type: SEQUENCE SET; Schema: public; Owner: postgres
--

SELECT pg_catalog.setval('public.aparelhos_id_seq', 4, true);


--
-- TOC entry 5283 (class 0 OID 0)
-- Dependencies: 222
-- Name: categoria_pecas_id_seq; Type: SEQUENCE SET; Schema: public; Owner: postgres
--

SELECT pg_catalog.setval('public.categoria_pecas_id_seq', 13, true);


--
-- TOC entry 5284 (class 0 OID 0)
-- Dependencies: 224
-- Name: categorias_id_seq; Type: SEQUENCE SET; Schema: public; Owner: postgres
--

SELECT pg_catalog.setval('public.categorias_id_seq', 6, true);


--
-- TOC entry 5285 (class 0 OID 0)
-- Dependencies: 226
-- Name: clientes_id_seq; Type: SEQUENCE SET; Schema: public; Owner: postgres
--

SELECT pg_catalog.setval('public.clientes_id_seq', 6, true);


--
-- TOC entry 5286 (class 0 OID 0)
-- Dependencies: 230
-- Name: fornecedores_id_seq; Type: SEQUENCE SET; Schema: public; Owner: postgres
--

SELECT pg_catalog.setval('public.fornecedores_id_seq', 5, true);


--
-- TOC entry 5287 (class 0 OID 0)
-- Dependencies: 232
-- Name: funcionarios_id_seq; Type: SEQUENCE SET; Schema: public; Owner: postgres
--

SELECT pg_catalog.setval('public.funcionarios_id_seq', 7, true);


--
-- TOC entry 5288 (class 0 OID 0)
-- Dependencies: 264
-- Name: item_venda_id_seq; Type: SEQUENCE SET; Schema: public; Owner: postgres
--

SELECT pg_catalog.setval('public.item_venda_id_seq', 3, true);


--
-- TOC entry 5289 (class 0 OID 0)
-- Dependencies: 234
-- Name: itens_pedido_id_seq; Type: SEQUENCE SET; Schema: public; Owner: postgres
--

SELECT pg_catalog.setval('public.itens_pedido_id_seq', 30, true);


--
-- TOC entry 5290 (class 0 OID 0)
-- Dependencies: 262
-- Name: itens_venda_id_seq; Type: SEQUENCE SET; Schema: public; Owner: postgres
--

SELECT pg_catalog.setval('public.itens_venda_id_seq', 1, false);


--
-- TOC entry 5291 (class 0 OID 0)
-- Dependencies: 236
-- Name: marcas_id_seq; Type: SEQUENCE SET; Schema: public; Owner: postgres
--

SELECT pg_catalog.setval('public.marcas_id_seq', 8, true);


--
-- TOC entry 5292 (class 0 OID 0)
-- Dependencies: 238
-- Name: modelos_id_seq; Type: SEQUENCE SET; Schema: public; Owner: postgres
--

SELECT pg_catalog.setval('public.modelos_id_seq', 4, true);


--
-- TOC entry 5293 (class 0 OID 0)
-- Dependencies: 240
-- Name: notificacao_id_seq; Type: SEQUENCE SET; Schema: public; Owner: postgres
--

SELECT pg_catalog.setval('public.notificacao_id_seq', 6, true);


--
-- TOC entry 5294 (class 0 OID 0)
-- Dependencies: 245
-- Name: ordens_servico_id_seq; Type: SEQUENCE SET; Schema: public; Owner: postgres
--

SELECT pg_catalog.setval('public.ordens_servico_id_seq', 9, true);


--
-- TOC entry 5295 (class 0 OID 0)
-- Dependencies: 247
-- Name: pecas_id_seq; Type: SEQUENCE SET; Schema: public; Owner: postgres
--

SELECT pg_catalog.setval('public.pecas_id_seq', 10, true);


--
-- TOC entry 5296 (class 0 OID 0)
-- Dependencies: 250
-- Name: pedidos_compra_id_seq; Type: SEQUENCE SET; Schema: public; Owner: postgres
--

SELECT pg_catalog.setval('public.pedidos_compra_id_seq', 1, false);


--
-- TOC entry 5297 (class 0 OID 0)
-- Dependencies: 251
-- Name: pedidos_id_seq; Type: SEQUENCE SET; Schema: public; Owner: postgres
--

SELECT pg_catalog.setval('public.pedidos_id_seq', 4, true);


--
-- TOC entry 5298 (class 0 OID 0)
-- Dependencies: 253
-- Name: produtos_id_seq; Type: SEQUENCE SET; Schema: public; Owner: postgres
--

SELECT pg_catalog.setval('public.produtos_id_seq', 10, true);


--
-- TOC entry 5299 (class 0 OID 0)
-- Dependencies: 256
-- Name: servicos_id_seq; Type: SEQUENCE SET; Schema: public; Owner: postgres
--

SELECT pg_catalog.setval('public.servicos_id_seq', 6, true);


--
-- TOC entry 5300 (class 0 OID 0)
-- Dependencies: 258
-- Name: usuarios_id_seq; Type: SEQUENCE SET; Schema: public; Owner: postgres
--

SELECT pg_catalog.setval('public.usuarios_id_seq', 2, true);


--
-- TOC entry 5301 (class 0 OID 0)
-- Dependencies: 259
-- Name: vendas_id_seq; Type: SEQUENCE SET; Schema: public; Owner: postgres
--

SELECT pg_catalog.setval('public.vendas_id_seq', 1, true);


--
-- TOC entry 4985 (class 2606 OID 17400)
-- Name: aparelhos aparelhos_pkey; Type: CONSTRAINT; Schema: public; Owner: postgres
--

ALTER TABLE ONLY public.aparelhos
    ADD CONSTRAINT aparelhos_pkey PRIMARY KEY (id);


--
-- TOC entry 4987 (class 2606 OID 17402)
-- Name: categoria_pecas categoria_pecas_pkey; Type: CONSTRAINT; Schema: public; Owner: postgres
--

ALTER TABLE ONLY public.categoria_pecas
    ADD CONSTRAINT categoria_pecas_pkey PRIMARY KEY (id);


--
-- TOC entry 4989 (class 2606 OID 17404)
-- Name: categorias categorias_pkey; Type: CONSTRAINT; Schema: public; Owner: postgres
--

ALTER TABLE ONLY public.categorias
    ADD CONSTRAINT categorias_pkey PRIMARY KEY (id);


--
-- TOC entry 4991 (class 2606 OID 17406)
-- Name: clientes clientes_pkey; Type: CONSTRAINT; Schema: public; Owner: postgres
--

ALTER TABLE ONLY public.clientes
    ADD CONSTRAINT clientes_pkey PRIMARY KEY (id);


--
-- TOC entry 4995 (class 2606 OID 17408)
-- Name: fornecedor_pecas fornecedor_pecas_pkey; Type: CONSTRAINT; Schema: public; Owner: postgres
--

ALTER TABLE ONLY public.fornecedor_pecas
    ADD CONSTRAINT fornecedor_pecas_pkey PRIMARY KEY (fornecedor_id, peca_id);


--
-- TOC entry 4997 (class 2606 OID 17410)
-- Name: fornecedor_produtos fornecedor_produtos_pkey; Type: CONSTRAINT; Schema: public; Owner: postgres
--

ALTER TABLE ONLY public.fornecedor_produtos
    ADD CONSTRAINT fornecedor_produtos_pkey PRIMARY KEY (fornecedor_id, produto_id);


--
-- TOC entry 4999 (class 2606 OID 17412)
-- Name: fornecedores fornecedores_pkey; Type: CONSTRAINT; Schema: public; Owner: postgres
--

ALTER TABLE ONLY public.fornecedores
    ADD CONSTRAINT fornecedores_pkey PRIMARY KEY (id);


--
-- TOC entry 5003 (class 2606 OID 17414)
-- Name: funcionarios funcionarios_pkey; Type: CONSTRAINT; Schema: public; Owner: postgres
--

ALTER TABLE ONLY public.funcionarios
    ADD CONSTRAINT funcionarios_pkey PRIMARY KEY (id);


--
-- TOC entry 5041 (class 2606 OID 17682)
-- Name: item_venda item_venda_pkey; Type: CONSTRAINT; Schema: public; Owner: postgres
--

ALTER TABLE ONLY public.item_venda
    ADD CONSTRAINT item_venda_pkey PRIMARY KEY (id);


--
-- TOC entry 5007 (class 2606 OID 17416)
-- Name: itens_pedido itens_pedido_pkey; Type: CONSTRAINT; Schema: public; Owner: postgres
--

ALTER TABLE ONLY public.itens_pedido
    ADD CONSTRAINT itens_pedido_pkey PRIMARY KEY (id);


--
-- TOC entry 5039 (class 2606 OID 17665)
-- Name: itens_venda itens_venda_pkey; Type: CONSTRAINT; Schema: public; Owner: postgres
--

ALTER TABLE ONLY public.itens_venda
    ADD CONSTRAINT itens_venda_pkey PRIMARY KEY (id);


--
-- TOC entry 5009 (class 2606 OID 17418)
-- Name: marcas marcas_pkey; Type: CONSTRAINT; Schema: public; Owner: postgres
--

ALTER TABLE ONLY public.marcas
    ADD CONSTRAINT marcas_pkey PRIMARY KEY (id);


--
-- TOC entry 5013 (class 2606 OID 17420)
-- Name: modelos modelos_pkey; Type: CONSTRAINT; Schema: public; Owner: postgres
--

ALTER TABLE ONLY public.modelos
    ADD CONSTRAINT modelos_pkey PRIMARY KEY (id);


--
-- TOC entry 5015 (class 2606 OID 17422)
-- Name: notificacao notificacao_pkey; Type: CONSTRAINT; Schema: public; Owner: postgres
--

ALTER TABLE ONLY public.notificacao
    ADD CONSTRAINT notificacao_pkey PRIMARY KEY (id);


--
-- TOC entry 5017 (class 2606 OID 17424)
-- Name: ordens_servico ordens_servico_pkey; Type: CONSTRAINT; Schema: public; Owner: postgres
--

ALTER TABLE ONLY public.ordens_servico
    ADD CONSTRAINT ordens_servico_pkey PRIMARY KEY (id);


--
-- TOC entry 5019 (class 2606 OID 17426)
-- Name: pecas pecas_pkey; Type: CONSTRAINT; Schema: public; Owner: postgres
--

ALTER TABLE ONLY public.pecas
    ADD CONSTRAINT pecas_pkey PRIMARY KEY (id);


--
-- TOC entry 5025 (class 2606 OID 17428)
-- Name: pedidos_compra pedidos_compra_pkey; Type: CONSTRAINT; Schema: public; Owner: postgres
--

ALTER TABLE ONLY public.pedidos_compra
    ADD CONSTRAINT pedidos_compra_pkey PRIMARY KEY (id);


--
-- TOC entry 5021 (class 2606 OID 17430)
-- Name: pedidos pedidos_pkey; Type: CONSTRAINT; Schema: public; Owner: postgres
--

ALTER TABLE ONLY public.pedidos
    ADD CONSTRAINT pedidos_pkey PRIMARY KEY (id);


--
-- TOC entry 5029 (class 2606 OID 17432)
-- Name: produtos produtos_pkey; Type: CONSTRAINT; Schema: public; Owner: postgres
--

ALTER TABLE ONLY public.produtos
    ADD CONSTRAINT produtos_pkey PRIMARY KEY (id);


--
-- TOC entry 5031 (class 2606 OID 17434)
-- Name: servicos servicos_pkey; Type: CONSTRAINT; Schema: public; Owner: postgres
--

ALTER TABLE ONLY public.servicos
    ADD CONSTRAINT servicos_pkey PRIMARY KEY (id);


--
-- TOC entry 5027 (class 2606 OID 17436)
-- Name: pedidos_compra uk6miu7p3l8xcfb29t2jj6cn4j6; Type: CONSTRAINT; Schema: public; Owner: postgres
--

ALTER TABLE ONLY public.pedidos_compra
    ADD CONSTRAINT uk6miu7p3l8xcfb29t2jj6cn4j6 UNIQUE (codigo);


--
-- TOC entry 4993 (class 2606 OID 17438)
-- Name: clientes uk7wflw78ibh162cmq12ii6ffly; Type: CONSTRAINT; Schema: public; Owner: postgres
--

ALTER TABLE ONLY public.clientes
    ADD CONSTRAINT uk7wflw78ibh162cmq12ii6ffly UNIQUE (cpf);


--
-- TOC entry 5023 (class 2606 OID 17440)
-- Name: pedidos ukopykg0avndf87lga45wx7l02v; Type: CONSTRAINT; Schema: public; Owner: postgres
--

ALTER TABLE ONLY public.pedidos
    ADD CONSTRAINT ukopykg0avndf87lga45wx7l02v UNIQUE (codigo);


--
-- TOC entry 5011 (class 2606 OID 17442)
-- Name: marcas ukr2am2bysorcd90qxo9mscxahg; Type: CONSTRAINT; Schema: public; Owner: postgres
--

ALTER TABLE ONLY public.marcas
    ADD CONSTRAINT ukr2am2bysorcd90qxo9mscxahg UNIQUE (nome);


--
-- TOC entry 5005 (class 2606 OID 17444)
-- Name: funcionarios ukrrykmyf711s2n7maopibw47s0; Type: CONSTRAINT; Schema: public; Owner: postgres
--

ALTER TABLE ONLY public.funcionarios
    ADD CONSTRAINT ukrrykmyf711s2n7maopibw47s0 UNIQUE (cpf);


--
-- TOC entry 5001 (class 2606 OID 17446)
-- Name: fornecedores uktflo0rfxyagqf5aq6rvjt5ofh; Type: CONSTRAINT; Schema: public; Owner: postgres
--

ALTER TABLE ONLY public.fornecedores
    ADD CONSTRAINT uktflo0rfxyagqf5aq6rvjt5ofh UNIQUE (cnpj);


--
-- TOC entry 5035 (class 2606 OID 17637)
-- Name: vendas uktii6ee9wcjiuxxxts42eqmbsv; Type: CONSTRAINT; Schema: public; Owner: postgres
--

ALTER TABLE ONLY public.vendas
    ADD CONSTRAINT uktii6ee9wcjiuxxxts42eqmbsv UNIQUE (codigo);


--
-- TOC entry 5033 (class 2606 OID 17448)
-- Name: usuarios usuarios_pkey; Type: CONSTRAINT; Schema: public; Owner: postgres
--

ALTER TABLE ONLY public.usuarios
    ADD CONSTRAINT usuarios_pkey PRIMARY KEY (id);


--
-- TOC entry 5037 (class 2606 OID 17621)
-- Name: vendas vendas_pkey; Type: CONSTRAINT; Schema: public; Owner: postgres
--

ALTER TABLE ONLY public.vendas
    ADD CONSTRAINT vendas_pkey PRIMARY KEY (id);


--
-- TOC entry 5075 (class 2606 OID 17648)
-- Name: vendas fk18jb6atkgnouxy9b97unm4uue; Type: FK CONSTRAINT; Schema: public; Owner: postgres
--

ALTER TABLE ONLY public.vendas
    ADD CONSTRAINT fk18jb6atkgnouxy9b97unm4uue FOREIGN KEY (cliente_id) REFERENCES public.clientes(id);


--
-- TOC entry 5059 (class 2606 OID 17449)
-- Name: ordens_servico fk2h24dupsff897yct5q0j4aq5o; Type: FK CONSTRAINT; Schema: public; Owner: postgres
--

ALTER TABLE ONLY public.ordens_servico
    ADD CONSTRAINT fk2h24dupsff897yct5q0j4aq5o FOREIGN KEY (aparelho_id) REFERENCES public.aparelhos(id);


--
-- TOC entry 5063 (class 2606 OID 17454)
-- Name: pecas fk2mq4104k71sdiwajmn4gi6l9a; Type: FK CONSTRAINT; Schema: public; Owner: postgres
--

ALTER TABLE ONLY public.pecas
    ADD CONSTRAINT fk2mq4104k71sdiwajmn4gi6l9a FOREIGN KEY (categoria_id) REFERENCES public.categorias(id);


--
-- TOC entry 5077 (class 2606 OID 17638)
-- Name: venda_produtos fk3d2gguaqg7umrkcmnnfpabi4a; Type: FK CONSTRAINT; Schema: public; Owner: postgres
--

ALTER TABLE ONLY public.venda_produtos
    ADD CONSTRAINT fk3d2gguaqg7umrkcmnnfpabi4a FOREIGN KEY (produto_id) REFERENCES public.produtos(id);


--
-- TOC entry 5076 (class 2606 OID 17653)
-- Name: vendas fk3htwsgmp8wkb2cgt1uidmsgsp; Type: FK CONSTRAINT; Schema: public; Owner: postgres
--

ALTER TABLE ONLY public.vendas
    ADD CONSTRAINT fk3htwsgmp8wkb2cgt1uidmsgsp FOREIGN KEY (funcionario_id) REFERENCES public.funcionarios(id);


--
-- TOC entry 5060 (class 2606 OID 17459)
-- Name: ordens_servico fk3umkg4oa4r9q93q5frh5lrh0p; Type: FK CONSTRAINT; Schema: public; Owner: postgres
--

ALTER TABLE ONLY public.ordens_servico
    ADD CONSTRAINT fk3umkg4oa4r9q93q5frh5lrh0p FOREIGN KEY (cliente_id) REFERENCES public.clientes(id);


--
-- TOC entry 5048 (class 2606 OID 17464)
-- Name: itens_pedido fk42mycompce3b7yt3l6ukdwsxy; Type: FK CONSTRAINT; Schema: public; Owner: postgres
--

ALTER TABLE ONLY public.itens_pedido
    ADD CONSTRAINT fk42mycompce3b7yt3l6ukdwsxy FOREIGN KEY (pedido_id) REFERENCES public.pedidos(id);


--
-- TOC entry 5073 (class 2606 OID 17469)
-- Name: servico_peca fk44ofi8xx6bjnwegfee4so1jad; Type: FK CONSTRAINT; Schema: public; Owner: postgres
--

ALTER TABLE ONLY public.servico_peca
    ADD CONSTRAINT fk44ofi8xx6bjnwegfee4so1jad FOREIGN KEY (peca_id) REFERENCES public.pecas(id);


--
-- TOC entry 5064 (class 2606 OID 17474)
-- Name: pecas fk4hdxrch99lqiu64lgf07uvtxd; Type: FK CONSTRAINT; Schema: public; Owner: postgres
--

ALTER TABLE ONLY public.pecas
    ADD CONSTRAINT fk4hdxrch99lqiu64lgf07uvtxd FOREIGN KEY (fornecedor_id) REFERENCES public.fornecedores(id);


--
-- TOC entry 5057 (class 2606 OID 17479)
-- Name: ordem_servico_pecas fk5d11yrxecovxm5aqjn7hgoc2r; Type: FK CONSTRAINT; Schema: public; Owner: postgres
--

ALTER TABLE ONLY public.ordem_servico_pecas
    ADD CONSTRAINT fk5d11yrxecovxm5aqjn7hgoc2r FOREIGN KEY (ordem_servico_id) REFERENCES public.ordens_servico(id);


--
-- TOC entry 5052 (class 2606 OID 17484)
-- Name: notificacao fk5qkkt3rtpuynsjmd5a402qkqp; Type: FK CONSTRAINT; Schema: public; Owner: postgres
--

ALTER TABLE ONLY public.notificacao
    ADD CONSTRAINT fk5qkkt3rtpuynsjmd5a402qkqp FOREIGN KEY (pedido_id) REFERENCES public.pedidos(id);


--
-- TOC entry 5061 (class 2606 OID 17489)
-- Name: ordens_servico fk6cdtl94apn08ea385dy80knio; Type: FK CONSTRAINT; Schema: public; Owner: postgres
--

ALTER TABLE ONLY public.ordens_servico
    ADD CONSTRAINT fk6cdtl94apn08ea385dy80knio FOREIGN KEY (funcionario_id) REFERENCES public.funcionarios(id);


--
-- TOC entry 5053 (class 2606 OID 17494)
-- Name: ordem_peca fk6jdthommhs4n6jxsjmxtthr60; Type: FK CONSTRAINT; Schema: public; Owner: postgres
--

ALTER TABLE ONLY public.ordem_peca
    ADD CONSTRAINT fk6jdthommhs4n6jxsjmxtthr60 FOREIGN KEY (peca_id) REFERENCES public.pecas(id);


--
-- TOC entry 5042 (class 2606 OID 17499)
-- Name: aparelhos fk7wqtuaim18dpajj63l2ws7uac; Type: FK CONSTRAINT; Schema: public; Owner: postgres
--

ALTER TABLE ONLY public.aparelhos
    ADD CONSTRAINT fk7wqtuaim18dpajj63l2ws7uac FOREIGN KEY (cliente_id) REFERENCES public.clientes(id);


--
-- TOC entry 5071 (class 2606 OID 17504)
-- Name: produtos fk8rqw0ljwdaom34jr2t46bjtrn; Type: FK CONSTRAINT; Schema: public; Owner: postgres
--

ALTER TABLE ONLY public.produtos
    ADD CONSTRAINT fk8rqw0ljwdaom34jr2t46bjtrn FOREIGN KEY (categoria_id) REFERENCES public.categorias(id);


--
-- TOC entry 5054 (class 2606 OID 17509)
-- Name: ordem_peca fkaa9gf427310m4kj6la4dclqfi; Type: FK CONSTRAINT; Schema: public; Owner: postgres
--

ALTER TABLE ONLY public.ordem_peca
    ADD CONSTRAINT fkaa9gf427310m4kj6la4dclqfi FOREIGN KEY (ordem_id) REFERENCES public.ordens_servico(id);


--
-- TOC entry 5068 (class 2606 OID 17514)
-- Name: pedidos_compra fkan3yv2vk5m3gbphqf4f6yxj4j; Type: FK CONSTRAINT; Schema: public; Owner: postgres
--

ALTER TABLE ONLY public.pedidos_compra
    ADD CONSTRAINT fkan3yv2vk5m3gbphqf4f6yxj4j FOREIGN KEY (fornecedor_id) REFERENCES public.fornecedores(id);


--
-- TOC entry 5046 (class 2606 OID 17519)
-- Name: fornecedor_produtos fkbge36akxf35v69c245dista85; Type: FK CONSTRAINT; Schema: public; Owner: postgres
--

ALTER TABLE ONLY public.fornecedor_produtos
    ADD CONSTRAINT fkbge36akxf35v69c245dista85 FOREIGN KEY (fornecedor_id) REFERENCES public.fornecedores(id);


--
-- TOC entry 5047 (class 2606 OID 17524)
-- Name: fornecedor_produtos fkcvpadumdyu6dljfkq1lkl09k3; Type: FK CONSTRAINT; Schema: public; Owner: postgres
--

ALTER TABLE ONLY public.fornecedor_produtos
    ADD CONSTRAINT fkcvpadumdyu6dljfkq1lkl09k3 FOREIGN KEY (produto_id) REFERENCES public.produtos(id);


--
-- TOC entry 5069 (class 2606 OID 17529)
-- Name: pedidos_compra fkfpdqjr23b5eu5v2cnm0rnssa1; Type: FK CONSTRAINT; Schema: public; Owner: postgres
--

ALTER TABLE ONLY public.pedidos_compra
    ADD CONSTRAINT fkfpdqjr23b5eu5v2cnm0rnssa1 FOREIGN KEY (funcionario_id) REFERENCES public.funcionarios(id);


--
-- TOC entry 5051 (class 2606 OID 17534)
-- Name: modelos fkfwmnvprqtv5jc4t60c076mj7h; Type: FK CONSTRAINT; Schema: public; Owner: postgres
--

ALTER TABLE ONLY public.modelos
    ADD CONSTRAINT fkfwmnvprqtv5jc4t60c076mj7h FOREIGN KEY (marca_id) REFERENCES public.marcas(id);


--
-- TOC entry 5079 (class 2606 OID 17671)
-- Name: itens_venda fkgvenjj7qdfy5i8lgbhhvoftck; Type: FK CONSTRAINT; Schema: public; Owner: postgres
--

ALTER TABLE ONLY public.itens_venda
    ADD CONSTRAINT fkgvenjj7qdfy5i8lgbhhvoftck FOREIGN KEY (venda_id) REFERENCES public.vendas(id);


--
-- TOC entry 5055 (class 2606 OID 17539)
-- Name: ordem_pecas fkhabitltrnr7bxswngtf4iklkj; Type: FK CONSTRAINT; Schema: public; Owner: postgres
--

ALTER TABLE ONLY public.ordem_pecas
    ADD CONSTRAINT fkhabitltrnr7bxswngtf4iklkj FOREIGN KEY (peca_id) REFERENCES public.pecas(id);


--
-- TOC entry 5058 (class 2606 OID 17544)
-- Name: ordem_servico_pecas fkhsip3epxwhscbqo5s048rusv5; Type: FK CONSTRAINT; Schema: public; Owner: postgres
--

ALTER TABLE ONLY public.ordem_servico_pecas
    ADD CONSTRAINT fkhsip3epxwhscbqo5s048rusv5 FOREIGN KEY (peca_id) REFERENCES public.pecas(id);


--
-- TOC entry 5049 (class 2606 OID 17549)
-- Name: itens_pedido fkhvw0jasnyjbtornu1481yyalw; Type: FK CONSTRAINT; Schema: public; Owner: postgres
--

ALTER TABLE ONLY public.itens_pedido
    ADD CONSTRAINT fkhvw0jasnyjbtornu1481yyalw FOREIGN KEY (peca_id) REFERENCES public.pecas(id);


--
-- TOC entry 5080 (class 2606 OID 17666)
-- Name: itens_venda fki3oq8st9xcf862fpo7ghlshqx; Type: FK CONSTRAINT; Schema: public; Owner: postgres
--

ALTER TABLE ONLY public.itens_venda
    ADD CONSTRAINT fki3oq8st9xcf862fpo7ghlshqx FOREIGN KEY (produto_id) REFERENCES public.produtos(id);


--
-- TOC entry 5056 (class 2606 OID 17554)
-- Name: ordem_pecas fkiownx8pf9xldtf83rr8qu3itg; Type: FK CONSTRAINT; Schema: public; Owner: postgres
--

ALTER TABLE ONLY public.ordem_pecas
    ADD CONSTRAINT fkiownx8pf9xldtf83rr8qu3itg FOREIGN KEY (ordem_id) REFERENCES public.ordens_servico(id);


--
-- TOC entry 5072 (class 2606 OID 17559)
-- Name: produtos fkje6bg3cu81l0e4nfprc0c7wwc; Type: FK CONSTRAINT; Schema: public; Owner: postgres
--

ALTER TABLE ONLY public.produtos
    ADD CONSTRAINT fkje6bg3cu81l0e4nfprc0c7wwc FOREIGN KEY (fornecedor_id) REFERENCES public.fornecedores(id);


--
-- TOC entry 5044 (class 2606 OID 17564)
-- Name: fornecedor_pecas fkjs14hvmm6nb9ywl5nk92jt18k; Type: FK CONSTRAINT; Schema: public; Owner: postgres
--

ALTER TABLE ONLY public.fornecedor_pecas
    ADD CONSTRAINT fkjs14hvmm6nb9ywl5nk92jt18k FOREIGN KEY (fornecedor_id) REFERENCES public.fornecedores(id);


--
-- TOC entry 5070 (class 2606 OID 17569)
-- Name: pedidos_compra fkk4yf5rfv0wxv7m72t3r2k8qvh; Type: FK CONSTRAINT; Schema: public; Owner: postgres
--

ALTER TABLE ONLY public.pedidos_compra
    ADD CONSTRAINT fkk4yf5rfv0wxv7m72t3r2k8qvh FOREIGN KEY (usuario_id) REFERENCES public.funcionarios(id);


--
-- TOC entry 5066 (class 2606 OID 17574)
-- Name: pedidos fklcb551nj8r9hn8ji6p5ccj4tk; Type: FK CONSTRAINT; Schema: public; Owner: postgres
--

ALTER TABLE ONLY public.pedidos
    ADD CONSTRAINT fklcb551nj8r9hn8ji6p5ccj4tk FOREIGN KEY (fornecedor_id) REFERENCES public.fornecedores(id);


--
-- TOC entry 5062 (class 2606 OID 17579)
-- Name: ordens_servico fknfu9gq7qftv3mtr684pvswtr; Type: FK CONSTRAINT; Schema: public; Owner: postgres
--

ALTER TABLE ONLY public.ordens_servico
    ADD CONSTRAINT fknfu9gq7qftv3mtr684pvswtr FOREIGN KEY (servico_id) REFERENCES public.servicos(id);


--
-- TOC entry 5074 (class 2606 OID 17584)
-- Name: servico_peca fknmfw2ge4wtxff8us4iyx8s64i; Type: FK CONSTRAINT; Schema: public; Owner: postgres
--

ALTER TABLE ONLY public.servico_peca
    ADD CONSTRAINT fknmfw2ge4wtxff8us4iyx8s64i FOREIGN KEY (servico_id) REFERENCES public.servicos(id);


--
-- TOC entry 5078 (class 2606 OID 17643)
-- Name: venda_produtos fknvw7fb4s0g6vke7q3mh53wus6; Type: FK CONSTRAINT; Schema: public; Owner: postgres
--

ALTER TABLE ONLY public.venda_produtos
    ADD CONSTRAINT fknvw7fb4s0g6vke7q3mh53wus6 FOREIGN KEY (venda_id) REFERENCES public.vendas(id);


--
-- TOC entry 5045 (class 2606 OID 17589)
-- Name: fornecedor_pecas fkp9s0c09cis229o12smbf6u1w3; Type: FK CONSTRAINT; Schema: public; Owner: postgres
--

ALTER TABLE ONLY public.fornecedor_pecas
    ADD CONSTRAINT fkp9s0c09cis229o12smbf6u1w3 FOREIGN KEY (peca_id) REFERENCES public.pecas(id);


--
-- TOC entry 5067 (class 2606 OID 17594)
-- Name: pedidos fkr1kmujn198gq9w3q3vj4osiav; Type: FK CONSTRAINT; Schema: public; Owner: postgres
--

ALTER TABLE ONLY public.pedidos
    ADD CONSTRAINT fkr1kmujn198gq9w3q3vj4osiav FOREIGN KEY (funcionario_id) REFERENCES public.funcionarios(id);


--
-- TOC entry 5081 (class 2606 OID 17691)
-- Name: item_venda fkrbpnox6kf8dxe6iue2crdmghg; Type: FK CONSTRAINT; Schema: public; Owner: postgres
--

ALTER TABLE ONLY public.item_venda
    ADD CONSTRAINT fkrbpnox6kf8dxe6iue2crdmghg FOREIGN KEY (produto_id) REFERENCES public.produtos(id);


--
-- TOC entry 5043 (class 2606 OID 17599)
-- Name: aparelhos fkrslsm6rf8x84uygcpd9iopoko; Type: FK CONSTRAINT; Schema: public; Owner: postgres
--

ALTER TABLE ONLY public.aparelhos
    ADD CONSTRAINT fkrslsm6rf8x84uygcpd9iopoko FOREIGN KEY (modelo_id) REFERENCES public.modelos(id);


--
-- TOC entry 5082 (class 2606 OID 17696)
-- Name: item_venda fksovcit68j4y196aejccea6app; Type: FK CONSTRAINT; Schema: public; Owner: postgres
--

ALTER TABLE ONLY public.item_venda
    ADD CONSTRAINT fksovcit68j4y196aejccea6app FOREIGN KEY (venda_id) REFERENCES public.vendas(id);


--
-- TOC entry 5065 (class 2606 OID 17604)
-- Name: pecas fktm1h186fysqpd719m6mkudgmg; Type: FK CONSTRAINT; Schema: public; Owner: postgres
--

ALTER TABLE ONLY public.pecas
    ADD CONSTRAINT fktm1h186fysqpd719m6mkudgmg FOREIGN KEY (categoria_pecas_id) REFERENCES public.categoria_pecas(id);


--
-- TOC entry 5050 (class 2606 OID 17609)
-- Name: itens_pedido fkxytdlekpdaobqphujy9bmuhl; Type: FK CONSTRAINT; Schema: public; Owner: postgres
--

ALTER TABLE ONLY public.itens_pedido
    ADD CONSTRAINT fkxytdlekpdaobqphujy9bmuhl FOREIGN KEY (produto_id) REFERENCES public.produtos(id);


-- Completed on 2026-02-27 17:50:51

--
-- PostgreSQL database dump complete
--

\unrestrict lWjOMZdBkZkNfuFTlrTU36olXVCsUTkloUaiuRobFhGDzgfkQZQGeYNJ1B2Kdxw

